recv_time,clock,node_id,seq,temp_c,hum_pct,status
2026-08-21 10:00:00,set,n1,0,28.3,51.9,ok
2026-08-21 10:00:00,set,n2,0,25.5,57.3,ok
2026-08-21 10:00:00,set,n3,0,26.7,54.4,ok
2026-08-21 10:00:00,set,n4,0,27.1,53.2,ok
2026-08-21 10:00:30,set,n1,1,28.3,51.8,ok
2026-08-21 10:00:30,set,n2,1,25.5,57.3,ok
2026-08-21 10:00:30,set,n3,1,26.7,54.4,ok
2026-08-21 10:00:30,set,n4,1,27.1,53.3,ok
2026-08-21 10:01:00,set,n1,2,28.4,51.8,ok
2026-08-21 10:01:00,set,n2,2,25.5,57.2,ok
2026-08-21 10:01:00,set,n3,2,26.7,54.4,ok
2026-08-21 10:01:00,set,n4,2,27.1,53.3,ok
2026-08-21 10:01:30,set,n1,3,28.4,51.7,ok
2026-08-21 10:01:30,set,n2,3,25.5,57.1,ok
2026-08-21 10:01:30,set,n3,3,26.6,54.4,ok
2026-08-21 10:01:30,set,n4,3,27.1,53.4,ok
2026-08-21 10:02:00,set,n1,4,28.4,51.6,ok
2026-08-21 10:02:00,set,n2,4,25.5,57.1,ok
2026-08-21 10:02:00,set,n3,4,26.6,54.4,ok
2026-08-21 10:02:00,set,n4,4,27.0,53.4,ok
2026-08-21 10:02:30,set,n1,5,28.5,51.5,ok
2026-08-21 10:02:30,set,n2,5,25.5,57.0,ok
2026-08-21 10:02:30,set,n3,5,26.6,54.4,ok
2026-08-21 10:02:30,set,n4,5,27.0,53.5,ok
2026-08-21 10:03:00,set,n1,6,28.5,51.4,ok
2026-08-21 10:03:00,set,n2,6,25.5,57.0,ok
2026-08-21 10:03:00,set,n3,6,26.6,54.4,ok
2026-08-21 10:03:00,set,n4,6,27.0,53.5,ok
2026-08-21 10:03:30,set,n1,7,28.5,51.4,ok
2026-08-21 10:03:30,set,n2,7,25.5,56.9,ok
2026-08-21 10:03:30,set,n3,7,26.6,54.4,ok
2026-08-21 10:03:30,set,n4,7,27.0,53.6,ok
2026-08-21 10:04:00,set,n1,8,28.5,51.3,ok
2026-08-21 10:04:00,set,n2,8,25.5,56.9,ok
2026-08-21 10:04:00,set,n3,8,26.6,54.4,ok
2026-08-21 10:04:00,set,n4,8,27.0,53.6,ok
2026-08-21 10:04:30,set,n1,9,28.5,51.3,ok
2026-08-21 10:04:30,set,n2,9,25.5,56.9,ok
2026-08-21 10:04:30,set,n3,9,26.5,54.5,ok
2026-08-21 10:04:30,set,n4,9,27.0,53.7,ok
2026-08-21 10:05:00,set,n1,10,28.6,51.2,ok
2026-08-21 10:05:00,set,n2,10,25.5,56.8,ok
2026-08-21 10:05:00,set,n3,10,26.5,54.5,ok
2026-08-21 10:05:00,set,n4,10,27.0,53.7,ok
2026-08-21 10:05:30,set,n1,11,28.6,51.1,ok
2026-08-21 10:05:30,set,n2,11,25.5,56.8,ok
2026-08-21 10:05:30,set,n3,11,26.5,54.5,ok
2026-08-21 10:05:30,set,n4,11,27.0,53.7,ok
2026-08-21 10:06:00,set,n1,12,28.6,51.1,ok
2026-08-21 10:06:00,set,n2,12,25.5,56.8,ok
2026-08-21 10:06:00,set,n3,12,26.5,54.6,ok
2026-08-21 10:06:00,set,n4,12,27.0,53.8,ok
2026-08-21 10:06:30,set,n1,13,28.6,51.0,ok
2026-08-21 10:06:30,set,n2,13,25.4,56.8,ok
2026-08-21 10:06:30,set,n3,13,26.4,54.6,ok
2026-08-21 10:06:30,set,n4,13,27.0,53.8,ok
2026-08-21 10:07:00,set,n1,14,28.6,51.0,ok
2026-08-21 10:07:00,set,n2,14,25.4,56.8,ok
2026-08-21 10:07:00,set,n3,14,26.4,54.6,ok
2026-08-21 10:07:00,set,n4,14,27.0,53.8,ok
2026-08-21 10:07:30,set,n1,15,28.6,51.0,ok
2026-08-21 10:07:30,set,n2,15,25.4,56.9,ok
2026-08-21 10:07:30,set,n3,15,26.4,54.7,ok
2026-08-21 10:07:30,set,n4,15,27.0,53.8,ok
2026-08-21 10:08:00,set,n1,16,28.6,50.9,ok
2026-08-21 10:08:00,set,n2,16,25.4,56.9,ok
2026-08-21 10:08:00,set,n3,16,26.4,54.7,ok
2026-08-21 10:08:00,set,n4,16,27.0,53.8,ok
2026-08-21 10:08:30,set,n1,17,28.5,50.9,ok
2026-08-21 10:08:30,set,n2,17,25.3,56.9,ok
2026-08-21 10:08:30,set,n3,17,26.4,54.7,ok
2026-08-21 10:08:30,set,n4,17,27.1,53.8,ok
2026-08-21 10:09:00,set,n1,18,28.5,50.9,ok
2026-08-21 10:09:00,set,n2,18,25.3,56.9,ok
2026-08-21 10:09:00,set,n3,18,26.4,54.7,ok
2026-08-21 10:09:00,set,n4,18,27.1,53.8,ok
2026-08-21 10:09:30,set,n1,19,28.5,50.9,ok
2026-08-21 10:09:30,set,n2,19,25.3,56.9,ok
2026-08-21 10:09:30,set,n3,19,26.4,54.7,ok
2026-08-21 10:09:30,set,n4,19,27.1,53.8,ok
2026-08-21 10:10:00,set,n1,20,28.5,50.9,ok
2026-08-21 10:10:00,set,n2,20,25.3,56.9,ok
2026-08-21 10:10:00,set,n3,20,26.4,54.7,ok
2026-08-21 10:10:00,set,n4,20,27.1,53.8,ok
2026-08-21 10:10:30,set,n1,21,28.5,50.9,ok
2026-08-21 10:10:30,set,n2,21,25.3,57.0,ok
2026-08-21 10:10:30,set,n3,21,26.4,54.8,ok
2026-08-21 10:10:30,set,n4,21,27.2,53.7,ok
2026-08-21 10:11:00,set,n1,22,28.4,50.9,ok
2026-08-21 10:11:00,set,n2,22,25.3,57.0,ok
2026-08-21 10:11:00,set,n3,22,26.5,54.7,ok
2026-08-21 10:11:00,set,n4,22,27.2,53.7,ok
2026-08-21 10:11:30,set,n1,23,28.4,50.9,ok
2026-08-21 10:11:30,set,n2,23,25.3,57.0,ok
2026-08-21 10:11:30,set,n3,23,26.5,54.8,ok
2026-08-21 10:11:30,set,n4,23,27.2,53.7,ok
2026-08-21 10:12:00,set,n1,24,28.4,50.9,ok
2026-08-21 10:12:00,set,n2,24,25.3,57.0,ok
2026-08-21 10:12:00,set,n3,24,26.5,54.7,ok
2026-08-21 10:12:00,set,n4,24,27.3,53.7,ok
2026-08-21 10:12:30,set,n1,25,28.4,50.9,ok
2026-08-21 10:12:30,set,n2,25,25.3,57.0,ok
2026-08-21 10:12:30,set,n3,25,26.5,54.7,ok
2026-08-21 10:12:30,set,n4,25,27.3,53.6,ok
2026-08-21 10:13:00,set,n1,26,28.4,50.9,ok
2026-08-21 10:13:00,set,n2,26,25.3,57.0,ok
2026-08-21 10:13:00,set,n3,26,26.6,54.7,ok
2026-08-21 10:13:00,set,n4,26,27.4,53.6,ok
2026-08-21 10:13:30,set,n1,27,28.3,50.9,ok
2026-08-21 10:13:30,set,n2,27,25.3,57.0,ok
2026-08-21 10:13:30,set,n3,27,26.6,54.7,ok
2026-08-21 10:13:30,set,n4,27,27.4,53.6,ok
2026-08-21 10:14:00,set,n1,28,28.3,50.9,ok
2026-08-21 10:14:00,set,n2,28,25.3,57.0,ok
2026-08-21 10:14:00,set,n3,28,26.6,54.7,ok
2026-08-21 10:14:00,set,n4,28,27.4,53.5,ok
2026-08-21 10:14:30,set,n1,29,28.3,50.9,ok
2026-08-21 10:14:30,set,n2,29,25.3,57.0,ok
2026-08-21 10:14:30,set,n3,29,26.7,54.7,ok
2026-08-21 10:14:30,set,n4,29,27.4,53.5,ok
2026-08-21 10:15:00,set,n1,30,28.3,50.9,ok
2026-08-21 10:15:00,set,n2,30,25.3,56.9,ok
2026-08-21 10:15:00,set,n3,30,26.7,54.6,ok
2026-08-21 10:15:00,set,n4,30,27.5,53.5,ok
2026-08-21 10:15:30,set,n1,31,28.3,50.9,ok
2026-08-21 10:15:30,set,n2,31,25.3,56.9,ok
2026-08-21 10:15:30,set,n3,31,26.7,54.6,ok
2026-08-21 10:15:30,set,n4,31,27.5,53.5,ok
2026-08-21 10:16:00,set,n1,32,28.3,50.9,ok
2026-08-21 10:16:00,set,n2,32,25.4,56.9,ok
2026-08-21 10:16:00,set,n3,32,26.8,54.6,ok
2026-08-21 10:16:00,set,n4,32,27.5,53.5,ok
2026-08-21 10:16:30,set,n1,33,28.3,50.9,ok
2026-08-21 10:16:30,set,n2,33,25.4,56.9,ok
2026-08-21 10:16:30,set,n3,33,26.8,54.6,ok
2026-08-21 10:16:30,set,n4,33,27.5,53.5,ok
2026-08-21 10:17:00,set,n1,34,28.3,50.9,ok
2026-08-21 10:17:00,set,n2,34,25.4,56.8,ok
2026-08-21 10:17:00,set,n3,34,26.8,54.5,ok
2026-08-21 10:17:00,set,n4,34,27.5,53.4,ok
2026-08-21 10:17:30,set,n1,35,28.3,50.8,ok
2026-08-21 10:17:30,set,n2,35,25.5,56.8,ok
2026-08-21 10:17:30,set,n3,35,26.9,54.5,ok
2026-08-21 10:17:30,set,n4,35,27.5,53.5,ok
2026-08-21 10:18:00,set,n1,36,28.4,50.8,ok
2026-08-21 10:18:00,set,n2,36,25.5,56.8,ok
2026-08-21 10:18:00,set,n3,36,26.9,54.5,ok
2026-08-21 10:18:00,set,n4,36,27.5,53.4,ok
2026-08-21 10:18:30,set,n1,37,28.4,50.8,ok
2026-08-21 10:18:30,set,n2,37,25.5,56.8,ok
2026-08-21 10:18:30,set,n3,37,26.9,54.5,ok
2026-08-21 10:18:30,set,n4,37,27.5,53.5,ok
2026-08-21 10:19:00,set,n1,38,28.4,50.7,ok
2026-08-21 10:19:00,set,n2,38,25.6,56.7,ok
2026-08-21 10:19:00,set,n3,38,26.9,54.5,ok
2026-08-21 10:19:00,set,n4,38,27.5,53.5,ok
2026-08-21 10:19:30,set,n1,39,28.4,50.7,ok
2026-08-21 10:19:30,set,n2,39,25.6,56.7,ok
2026-08-21 10:19:30,set,n3,39,26.9,54.5,ok
2026-08-21 10:19:30,set,n4,39,27.5,53.5,ok
2026-08-21 10:20:00,set,n1,40,28.5,50.7,ok
2026-08-21 10:20:00,set,n2,40,25.6,56.7,ok
2026-08-21 10:20:00,set,n3,40,27.0,54.5,ok
2026-08-21 10:20:00,set,n4,40,27.5,53.5,ok
2026-08-21 10:20:30,set,n1,41,28.5,50.6,ok
2026-08-21 10:20:30,set,n2,41,25.7,56.7,ok
2026-08-21 10:20:30,set,n3,41,27.0,54.5,ok
2026-08-21 10:20:30,set,n4,41,27.5,53.5,ok
2026-08-21 10:21:00,set,n1,42,28.5,50.6,ok
2026-08-21 10:21:00,set,n2,42,25.7,56.6,ok
2026-08-21 10:21:00,set,n3,42,27.0,54.5,ok
2026-08-21 10:21:00,set,n4,42,27.5,53.5,ok
2026-08-21 10:21:30,set,n1,43,28.5,50.5,ok
2026-08-21 10:21:30,set,n2,43,25.7,56.6,ok
2026-08-21 10:21:30,set,n3,43,27.0,54.5,ok
2026-08-21 10:21:30,set,n4,43,27.4,53.5,ok
2026-08-21 10:22:00,set,n1,44,28.6,50.5,ok
2026-08-21 10:22:00,set,n2,44,25.8,56.6,ok
2026-08-21 10:22:00,set,n3,44,27.0,54.5,ok
2026-08-21 10:22:00,set,n4,44,27.4,53.5,ok
2026-08-21 10:22:30,set,n1,45,28.6,50.5,ok
2026-08-21 10:22:30,set,n2,45,25.8,56.6,ok
2026-08-21 10:22:30,set,n3,45,27.0,54.6,ok
2026-08-21 10:22:30,set,n4,45,27.4,53.6,ok
2026-08-21 10:23:00,set,n1,46,28.7,50.4,ok
2026-08-21 10:23:00,set,n2,46,25.8,56.6,ok
2026-08-21 10:23:00,set,n3,46,26.9,54.6,ok
2026-08-21 10:23:00,set,n4,46,27.4,53.6,ok
2026-08-21 10:23:30,set,n1,47,28.7,50.4,ok
2026-08-21 10:23:30,set,n2,47,25.8,56.7,ok
2026-08-21 10:23:30,set,n3,47,26.9,54.6,ok
2026-08-21 10:23:30,set,n4,47,27.3,53.6,ok
2026-08-21 10:24:00,set,n1,48,28.7,50.4,ok
2026-08-21 10:24:00,set,n2,48,25.8,56.7,ok
2026-08-21 10:24:00,set,n3,48,26.9,54.7,ok
2026-08-21 10:24:00,set,n4,48,27.3,53.6,ok
2026-08-21 10:24:30,set,n1,49,28.7,50.4,ok
2026-08-21 10:24:30,set,n2,49,25.8,56.7,ok
2026-08-21 10:24:30,set,n3,49,26.9,54.7,ok
2026-08-21 10:24:30,set,n4,49,27.3,53.6,ok
2026-08-21 10:25:00,set,n1,50,28.8,50.4,ok
2026-08-21 10:25:00,set,n2,50,25.8,56.7,ok
2026-08-21 10:25:00,set,n3,50,26.9,54.7,ok
2026-08-21 10:25:00,set,n4,50,27.3,53.6,ok
2026-08-21 10:25:30,set,n1,51,28.8,50.4,ok
2026-08-21 10:25:30,set,n2,51,25.8,56.8,ok
2026-08-21 10:25:30,set,n3,51,26.9,54.8,ok
2026-08-21 10:25:30,set,n4,51,27.3,53.6,ok
2026-08-21 10:26:00,set,n1,52,28.8,50.4,ok
2026-08-21 10:26:00,set,n2,52,25.8,56.8,ok
2026-08-21 10:26:00,set,n3,52,26.8,54.8,ok
2026-08-21 10:26:00,set,n4,52,27.3,53.5,ok
2026-08-21 10:26:30,set,n1,53,28.8,50.4,ok
2026-08-21 10:26:30,set,n2,53,25.8,56.9,ok
2026-08-21 10:26:30,set,n3,53,26.8,54.8,ok
2026-08-21 10:26:30,set,n4,53,27.3,53.5,ok
2026-08-21 10:27:00,set,n1,54,28.8,50.4,ok
2026-08-21 10:27:00,set,n2,54,25.8,56.9,ok
2026-08-21 10:27:00,set,n3,54,26.8,54.8,ok
2026-08-21 10:27:00,set,n4,54,27.3,53.5,ok
2026-08-21 10:27:30,set,n1,55,28.9,50.4,ok
2026-08-21 10:27:30,set,n2,55,25.8,57.0,ok
2026-08-21 10:27:30,set,n3,55,26.8,54.8,ok
2026-08-21 10:27:30,set,n4,55,27.3,53.4,ok
2026-08-21 10:28:00,set,n1,56,28.9,50.5,ok
2026-08-21 10:28:00,set,n2,56,25.7,57.0,ok
2026-08-21 10:28:00,set,n3,56,26.8,54.8,ok
2026-08-21 10:28:00,set,n4,56,27.3,53.4,ok
2026-08-21 10:28:30,set,n1,57,28.9,50.5,ok
2026-08-21 10:28:30,set,n2,57,25.7,57.1,ok
2026-08-21 10:28:30,set,n3,57,26.7,54.8,ok
2026-08-21 10:28:30,set,n4,57,27.3,53.3,ok
2026-08-21 10:29:00,set,n1,58,28.9,50.6,ok
2026-08-21 10:29:00,set,n2,58,25.7,57.1,ok
2026-08-21 10:29:00,set,n3,58,26.7,54.8,ok
2026-08-21 10:29:00,set,n4,58,27.3,53.2,ok
2026-08-21 10:29:30,set,n1,59,28.8,50.6,ok
2026-08-21 10:29:30,set,n2,59,25.7,57.1,ok
2026-08-21 10:29:30,set,n3,59,26.7,54.8,ok
2026-08-21 10:29:30,set,n4,59,27.3,53.2,ok
2026-08-21 10:30:00,set,n1,60,28.8,50.7,ok
2026-08-21 10:30:00,set,n2,60,25.7,57.2,ok
2026-08-21 10:30:00,set,n3,60,26.7,54.8,ok
2026-08-21 10:30:00,set,n4,60,27.3,53.1,ok
2026-08-21 10:30:30,set,n1,61,28.8,50.7,ok
2026-08-21 10:30:30,set,n2,61,25.6,57.2,ok
2026-08-21 10:30:30,set,n3,61,26.7,54.8,ok
2026-08-21 10:30:30,set,n4,61,27.3,53.0,ok
2026-08-21 10:31:00,set,n1,62,28.8,50.8,ok
2026-08-21 10:31:00,set,n2,62,25.6,57.2,ok
2026-08-21 10:31:00,set,n3,62,26.7,54.7,ok
2026-08-21 10:31:00,set,n4,62,27.4,52.9,ok
2026-08-21 10:31:30,set,n1,63,28.8,50.9,ok
2026-08-21 10:31:30,set,n2,63,25.6,57.3,ok
2026-08-21 10:31:30,set,n3,63,26.7,54.7,ok
2026-08-21 10:31:30,set,n4,63,27.4,52.8,ok
2026-08-21 10:32:00,set,n1,64,28.8,50.9,ok
2026-08-21 10:32:00,set,n2,64,25.6,57.3,ok
2026-08-21 10:32:00,set,n3,64,26.7,54.6,ok
2026-08-21 10:32:00,set,n4,64,27.4,52.7,ok
2026-08-21 10:32:30,set,n1,65,28.7,51.0,ok
2026-08-21 10:32:30,set,n2,65,25.6,57.3,ok
2026-08-21 10:32:30,set,n3,65,26.7,54.5,ok
2026-08-21 10:32:30,set,n4,65,27.5,52.6,ok
2026-08-21 10:33:00,set,n1,66,28.7,51.0,ok
2026-08-21 10:33:00,set,n2,66,25.6,57.3,ok
2026-08-21 10:33:00,set,n3,66,26.7,54.4,ok
2026-08-21 10:33:00,set,n4,66,27.5,52.5,ok
2026-08-21 10:33:30,set,n1,67,28.7,51.1,ok
2026-08-21 10:33:30,set,n2,67,25.5,57.3,ok
2026-08-21 10:33:30,set,n3,67,26.8,54.4,ok
2026-08-21 10:33:30,set,n4,67,27.5,52.5,ok
2026-08-21 10:34:00,set,n1,68,28.7,51.1,ok
2026-08-21 10:34:00,set,n2,68,25.5,57.2,ok
2026-08-21 10:34:00,set,n3,68,26.8,54.3,ok
2026-08-21 10:34:00,set,n4,68,27.6,52.4,ok
2026-08-21 10:34:30,set,n1,69,28.7,51.2,ok
2026-08-21 10:34:30,set,n2,69,25.5,57.2,ok
2026-08-21 10:34:30,set,n3,69,26.8,54.2,ok
2026-08-21 10:34:30,set,n4,69,27.6,52.3,ok
2026-08-21 10:35:00,set,n1,70,28.6,51.2,ok
2026-08-21 10:35:00,set,n2,70,25.6,57.1,ok
2026-08-21 10:35:00,set,n3,70,26.8,54.1,ok
2026-08-21 10:35:00,set,n4,70,27.6,52.2,ok
2026-08-21 10:35:30,set,n1,71,28.6,51.3,ok
2026-08-21 10:35:30,set,n2,71,25.6,57.1,ok
2026-08-21 10:35:30,set,n3,71,26.9,54.0,ok
2026-08-21 10:35:30,set,n4,71,27.7,52.2,ok
2026-08-21 10:36:00,set,n1,72,28.6,51.3,ok
2026-08-21 10:36:00,set,n2,72,25.6,57.0,ok
2026-08-21 10:36:00,set,n3,72,26.9,53.9,ok
2026-08-21 10:36:00,set,n4,72,27.7,52.1,ok
2026-08-21 10:36:30,set,n1,73,28.6,51.3,ok
2026-08-21 10:36:30,set,n2,73,25.6,56.9,ok
2026-08-21 10:36:30,set,n3,73,26.9,53.8,ok
2026-08-21 10:36:30,set,n4,73,27.7,52.1,ok
2026-08-21 10:37:00,set,n1,74,28.6,51.3,ok
2026-08-21 10:37:00,set,n2,74,25.6,56.8,ok
2026-08-21 10:37:00,set,n3,74,27.0,53.7,ok
2026-08-21 10:37:00,set,n4,74,27.7,52.0,ok
2026-08-21 10:37:30,set,n1,75,28.6,51.3,ok
2026-08-21 10:37:30,set,n2,75,25.6,56.8,ok
2026-08-21 10:37:30,set,n3,75,27.0,53.6,ok
2026-08-21 10:37:30,set,n4,75,27.8,52.0,ok
2026-08-21 10:38:00,set,n1,76,28.6,51.2,ok
2026-08-21 10:38:00,set,n2,76,25.7,56.7,ok
2026-08-21 10:38:00,set,n3,76,27.0,53.5,ok
2026-08-21 10:38:00,set,n4,76,27.8,52.0,ok
2026-08-21 10:38:30,set,n1,77,28.6,51.2,ok
2026-08-21 10:38:30,set,n2,77,25.7,56.6,ok
2026-08-21 10:38:30,set,n3,77,27.1,53.4,ok
2026-08-21 10:38:30,set,n4,77,27.8,52.0,ok
2026-08-21 10:39:00,set,n1,78,28.6,51.1,ok
2026-08-21 10:39:00,set,n2,78,25.7,56.4,ok
2026-08-21 10:39:00,set,n3,78,27.1,53.3,ok
2026-08-21 10:39:00,set,n4,78,27.8,52.0,ok
2026-08-21 10:39:30,set,n1,79,28.6,51.1,ok
2026-08-21 10:39:30,set,n2,79,25.7,56.3,ok
2026-08-21 10:39:30,set,n3,79,27.1,53.2,ok
2026-08-21 10:39:30,set,n4,79,27.8,52.0,ok
2026-08-21 10:40:00,set,n1,80,28.6,51.0,ok
2026-08-21 10:40:00,set,n2,80,25.8,56.2,ok
2026-08-21 10:40:00,set,n3,80,27.2,53.2,ok
2026-08-21 10:40:00,set,n4,80,27.8,52.1,ok
2026-08-21 10:40:30,set,n1,81,28.6,50.9,ok
2026-08-21 10:40:30,set,n2,81,25.8,56.1,ok
2026-08-21 10:40:30,set,n3,81,27.2,53.1,ok
2026-08-21 10:40:30,set,n4,81,27.8,52.1,ok
2026-08-21 10:41:00,set,n1,82,28.7,50.8,ok
2026-08-21 10:41:00,set,n2,82,25.9,56.0,ok
2026-08-21 10:41:00,set,n3,82,27.2,53.1,ok
2026-08-21 10:41:00,set,n4,82,27.8,52.2,ok
2026-08-21 10:41:30,set,n1,83,28.7,50.8,ok
2026-08-21 10:41:30,set,n2,83,25.9,55.9,ok
2026-08-21 10:41:30,set,n3,83,27.2,53.1,ok
2026-08-21 10:41:30,set,n4,83,27.8,52.2,ok
2026-08-21 10:42:00,set,n1,84,28.7,50.6,ok
2026-08-21 10:42:00,set,n2,84,25.9,55.8,ok
2026-08-21 10:42:00,set,n3,84,27.2,53.0,ok
2026-08-21 10:42:00,set,n4,84,27.8,52.3,ok
2026-08-21 10:42:30,set,n1,85,28.8,50.6,ok
2026-08-21 10:42:30,set,n2,85,25.9,55.7,ok
2026-08-21 10:42:30,set,n3,85,27.2,53.0,ok
2026-08-21 10:42:30,set,n4,85,27.7,52.4,ok
2026-08-21 10:43:00,set,n1,86,28.8,50.4,ok
2026-08-21 10:43:00,set,n2,86,26.0,55.6,ok
2026-08-21 10:43:00,set,n3,86,27.2,53.0,ok
2026-08-21 10:43:00,set,n4,86,27.7,52.4,ok
2026-08-21 10:43:30,set,n1,87,28.8,50.3,ok
2026-08-21 10:43:30,set,n2,87,26.0,55.6,ok
2026-08-21 10:43:30,set,n3,87,27.2,53.1,ok
2026-08-21 10:43:30,set,n4,87,27.7,52.5,ok
2026-08-21 10:44:00,set,n1,88,28.9,50.2,ok
2026-08-21 10:44:00,set,n2,88,26.0,55.5,ok
2026-08-21 10:44:00,set,n3,88,27.2,53.1,ok
2026-08-21 10:44:00,set,n4,88,27.7,52.6,ok
2026-08-21 10:44:30,set,n1,89,28.9,50.1,ok
2026-08-21 10:44:30,set,n2,89,26.0,55.4,ok
2026-08-21 10:44:30,set,n3,89,27.2,53.1,ok
2026-08-21 10:44:30,set,n4,89,27.7,52.7,ok
2026-08-21 10:45:00,set,n1,90,28.9,50.0,ok
2026-08-21 10:45:00,set,n2,90,26.1,55.4,ok
2026-08-21 10:45:00,set,n3,90,27.2,53.2,ok
2026-08-21 10:45:00,set,n4,90,27.6,52.8,ok
2026-08-21 10:45:30,set,n1,91,29.0,49.9,ok
2026-08-21 10:45:30,set,n2,91,26.1,55.4,ok
2026-08-21 10:45:30,set,n3,91,27.2,53.3,ok
2026-08-21 10:45:30,set,n4,91,27.6,52.9,ok
2026-08-21 10:46:00,set,n1,92,29.0,49.8,ok
2026-08-21 10:46:00,set,n2,92,26.1,55.3,ok
2026-08-21 10:46:00,set,n3,92,27.2,53.3,ok
2026-08-21 10:46:00,set,n4,92,27.6,53.0,ok
2026-08-21 10:46:30,set,n1,93,29.0,49.7,ok
2026-08-21 10:46:30,set,n2,93,26.1,55.3,ok
2026-08-21 10:46:30,set,n3,93,27.2,53.4,ok
2026-08-21 10:46:30,set,n4,93,27.6,53.1,ok
2026-08-21 10:47:00,set,n1,94,29.0,49.6,ok
2026-08-21 10:47:00,set,n2,94,26.1,55.3,ok
2026-08-21 10:47:00,set,n3,94,27.2,53.5,ok
2026-08-21 10:47:00,set,n4,94,27.6,53.1,ok
2026-08-21 10:47:30,set,n1,95,29.1,49.5,ok
2026-08-21 10:47:30,set,n2,95,26.1,55.4,ok
2026-08-21 10:47:30,set,n3,95,27.1,53.6,ok
2026-08-21 10:47:30,set,n4,95,27.5,53.2,ok
2026-08-21 10:48:00,set,n1,96,29.1,49.4,ok
2026-08-21 10:48:00,set,n2,96,26.1,55.4,ok
2026-08-21 10:48:00,set,n3,96,27.1,53.6,ok
2026-08-21 10:48:00,set,n4,96,27.5,53.3,ok
2026-08-21 10:48:30,set,n1,97,29.1,49.4,ok
2026-08-21 10:48:30,set,n2,97,26.1,55.4,ok
2026-08-21 10:48:30,set,n3,97,27.1,53.8,ok
2026-08-21 10:48:30,set,n4,97,27.5,53.3,ok
2026-08-21 10:49:00,set,n1,98,29.1,49.3,ok
2026-08-21 10:49:00,set,n2,98,26.1,55.5,ok
2026-08-21 10:49:00,set,n3,98,27.1,53.8,ok
2026-08-21 10:49:00,set,n4,98,27.5,53.3,ok
2026-08-21 10:49:30,set,n1,99,29.1,49.3,ok
2026-08-21 10:49:30,set,n2,99,26.0,55.5,ok
2026-08-21 10:49:30,set,n3,99,27.0,53.9,ok
2026-08-21 10:49:30,set,n4,99,27.5,53.4,ok
2026-08-21 10:50:00,set,n1,100,29.1,49.3,ok
2026-08-21 10:50:00,set,n2,100,26.0,55.6,ok
2026-08-21 10:50:00,set,n3,100,27.0,54.0,ok
2026-08-21 10:50:00,set,n4,100,27.5,53.4,ok
2026-08-21 10:50:30,set,n1,101,29.1,49.3,ok
2026-08-21 10:50:30,set,n2,101,26.0,55.7,ok
2026-08-21 10:50:30,set,n3,101,27.0,54.1,ok
2026-08-21 10:50:30,set,n4,101,27.5,53.4,ok
2026-08-21 10:51:00,set,n1,102,29.1,49.3,ok
2026-08-21 10:51:00,set,n2,102,26.0,55.7,ok
2026-08-21 10:51:00,set,n3,102,27.0,54.1,ok
2026-08-21 10:51:00,set,n4,102,27.6,53.4,ok
2026-08-21 10:51:30,set,n1,103,29.1,49.3,ok
2026-08-21 10:51:30,set,n2,103,25.9,55.8,ok
2026-08-21 10:51:30,set,n3,103,27.0,54.2,ok
2026-08-21 10:51:30,set,n4,103,27.6,53.4,ok
2026-08-21 10:52:00,set,n1,104,29.1,49.3,ok
2026-08-21 10:52:00,set,n2,104,25.9,55.9,ok
2026-08-21 10:52:00,set,n3,104,27.0,54.3,ok
2026-08-21 10:52:00,set,n4,104,27.6,53.3,ok
2026-08-21 10:52:30,set,n1,105,29.1,49.3,ok
2026-08-21 10:52:30,set,n2,105,25.9,56.0,ok
2026-08-21 10:52:30,set,n3,105,27.0,54.3,ok
2026-08-21 10:52:30,set,n4,105,27.6,53.3,ok
2026-08-21 10:53:00,set,n1,106,29.1,49.4,ok
2026-08-21 10:53:00,set,n2,106,25.9,56.1,ok
2026-08-21 10:53:00,set,n3,106,27.0,54.4,ok
2026-08-21 10:53:00,set,n4,106,27.6,53.2,ok
2026-08-21 10:53:30,set,n1,107,29.1,49.4,ok
2026-08-21 10:53:30,set,n2,107,25.9,56.1,ok
2026-08-21 10:53:30,set,n3,107,27.0,54.4,ok
2026-08-21 10:53:30,set,n4,107,27.7,53.2,ok
2026-08-21 10:54:00,set,n1,108,29.0,49.5,ok
2026-08-21 10:54:00,set,n2,108,25.8,56.2,ok
2026-08-21 10:54:00,set,n3,108,27.0,54.4,ok
2026-08-21 10:54:00,set,n4,108,27.7,53.1,ok
2026-08-21 10:54:30,set,n1,109,29.0,49.5,ok
2026-08-21 10:54:30,set,n2,109,25.8,56.3,ok
2026-08-21 10:54:30,set,n3,109,27.0,54.4,ok
2026-08-21 10:54:30,set,n4,109,27.7,53.0,ok
2026-08-21 10:55:00,set,n1,110,29.0,49.6,ok
2026-08-21 10:55:00,set,n2,110,25.8,56.4,ok
2026-08-21 10:55:00,set,n3,110,27.0,54.4,ok
2026-08-21 10:55:00,set,n4,110,27.8,52.9,ok
2026-08-21 10:55:30,set,n1,111,29.0,49.7,ok
2026-08-21 10:55:30,set,n2,111,25.8,56.4,ok
2026-08-21 10:55:30,set,n3,111,27.0,54.4,ok
2026-08-21 10:55:30,set,n4,111,27.8,52.8,ok
2026-08-21 10:56:00,set,n1,112,28.9,49.7,ok
2026-08-21 10:56:00,set,n2,112,25.8,56.5,ok
2026-08-21 10:56:00,set,n3,112,27.1,54.4,ok
2026-08-21 10:56:00,set,n4,112,27.8,52.7,ok
2026-08-21 10:56:30,set,n1,113,28.9,49.8,ok
2026-08-21 10:56:30,set,n2,113,25.8,56.5,ok
2026-08-21 10:56:30,set,n3,113,27.1,54.3,ok
2026-08-21 10:56:30,set,n4,113,27.9,52.7,ok
2026-08-21 10:57:00,set,n1,114,28.9,49.9,ok
2026-08-21 10:57:00,set,n2,114,25.8,56.5,ok
2026-08-21 10:57:00,set,n3,114,27.1,54.3,ok
2026-08-21 10:57:00,set,n4,114,27.9,52.5,ok
2026-08-21 10:57:30,set,n1,115,28.9,50.0,ok
2026-08-21 10:57:30,set,n2,115,25.8,56.6,ok
2026-08-21 10:57:30,set,n3,115,27.1,54.2,ok
2026-08-21 10:57:30,set,n4,115,27.9,52.5,ok
2026-08-21 10:58:00,set,n1,116,28.9,50.0,ok
2026-08-21 10:58:00,set,n2,116,25.8,56.6,ok
2026-08-21 10:58:00,set,n3,116,27.2,54.2,ok
2026-08-21 10:58:00,set,n4,116,28.0,52.4,ok
2026-08-21 10:58:30,set,n1,117,28.9,50.1,ok
2026-08-21 10:58:30,set,n2,117,25.8,56.6,ok
2026-08-21 10:58:30,set,n3,117,27.2,54.1,ok
2026-08-21 10:58:30,set,n4,117,28.0,52.3,ok
2026-08-21 10:59:00,set,n1,118,28.9,50.2,ok
2026-08-21 10:59:00,set,n2,118,25.9,56.6,ok
2026-08-21 10:59:00,set,n3,118,27.2,54.0,ok
2026-08-21 10:59:00,set,n4,118,28.0,52.2,ok
2026-08-21 10:59:30,set,n1,119,28.8,50.2,ok
2026-08-21 10:59:30,set,n2,119,25.9,56.6,ok
2026-08-21 10:59:30,set,n3,119,27.3,53.9,ok
2026-08-21 10:59:30,set,n4,119,28.0,52.1,ok
2026-08-21 11:00:00,set,n1,120,28.9,50.3,ok
2026-08-21 11:00:00,set,n2,120,25.9,56.6,ok
2026-08-21 11:00:00,set,n3,120,27.3,53.9,ok
2026-08-21 11:00:00,set,n4,120,28.0,52.0,ok
2026-08-21 11:00:30,set,n1,121,28.9,50.3,ok
2026-08-21 11:00:30,set,n2,121,25.9,56.5,ok
2026-08-21 11:00:30,set,n3,121,27.3,53.8,ok
2026-08-21 11:00:30,set,n4,121,28.0,52.0,ok
2026-08-21 11:01:00,set,n1,122,28.9,50.3,ok
2026-08-21 11:01:00,set,n2,122,26.0,56.5,ok
2026-08-21 11:01:00,set,n3,122,27.4,53.7,ok
2026-08-21 11:01:00,set,n4,122,28.1,51.9,ok
2026-08-21 11:01:30,set,n1,123,28.9,50.4,ok
2026-08-21 11:01:30,set,n2,123,26.0,56.5,ok
2026-08-21 11:01:30,set,n3,123,27.4,53.6,ok
2026-08-21 11:01:30,set,n4,123,28.1,51.9,ok
2026-08-21 11:02:00,set,n1,124,28.9,50.4,ok
2026-08-21 11:02:00,set,n2,124,26.0,56.4,ok
2026-08-21 11:02:00,set,n3,124,27.4,53.5,ok
2026-08-21 11:02:00,set,n4,124,28.1,51.8,ok
2026-08-21 11:02:30,set,n1,125,28.9,50.4,ok
2026-08-21 11:02:30,set,n2,125,26.1,56.3,ok
2026-08-21 11:02:30,set,n3,125,27.4,53.5,ok
2026-08-21 11:02:30,set,n4,125,28.1,51.8,ok
2026-08-21 11:03:00,set,n1,126,28.9,50.4,ok
2026-08-21 11:03:00,set,n2,126,26.1,56.3,ok
2026-08-21 11:03:00,set,n3,126,27.5,53.4,ok
2026-08-21 11:03:00,set,n4,126,28.1,51.7,ok
2026-08-21 11:03:30,set,n1,127,29.0,50.4,ok
2026-08-21 11:03:30,set,n2,127,26.1,56.2,ok
2026-08-21 11:03:30,set,n3,127,27.5,53.3,ok
2026-08-21 11:03:30,set,n4,127,28.0,51.7,ok
2026-08-21 11:04:00,set,n1,128,29.0,50.3,ok
2026-08-21 11:04:00,set,n2,128,26.2,56.1,ok
2026-08-21 11:04:00,set,n3,128,27.5,53.3,ok
2026-08-21 11:04:00,set,n4,128,28.0,51.7,ok
2026-08-21 11:04:30,set,n1,129,29.0,50.3,ok
2026-08-21 11:04:30,set,n2,129,26.2,56.1,ok
2026-08-21 11:04:30,set,n3,129,27.5,53.2,ok
2026-08-21 11:04:30,set,n4,129,28.0,51.7,ok
2026-08-21 11:05:00,set,n1,130,29.1,50.3,ok
2026-08-21 11:05:00,set,n2,130,26.2,56.0,ok
2026-08-21 11:05:00,set,n3,130,27.5,53.1,ok
2026-08-21 11:05:00,set,n4,130,28.0,51.7,ok
2026-08-21 11:05:30,set,n1,131,29.1,50.2,ok
2026-08-21 11:05:30,set,n2,131,26.3,56.0,ok
2026-08-21 11:05:30,set,n3,131,27.5,53.1,ok
2026-08-21 11:05:30,set,n4,131,28.0,51.7,ok
2026-08-21 11:06:00,set,n1,132,29.1,50.2,ok
2026-08-21 11:06:00,set,n2,132,26.3,55.9,ok
2026-08-21 11:06:00,set,n3,132,27.5,53.1,ok
2026-08-21 11:06:00,set,n4,132,27.9,51.7,ok
2026-08-21 11:06:30,set,n1,133,29.1,50.2,ok
2026-08-21 11:06:30,set,n2,133,26.3,55.8,ok
2026-08-21 11:06:30,set,n3,133,27.5,53.1,ok
2026-08-21 11:06:30,set,n4,133,27.9,51.8,ok
2026-08-21 11:07:00,set,n1,134,29.2,50.1,ok
2026-08-21 11:07:00,set,n2,134,26.3,55.8,ok
2026-08-21 11:07:00,set,n3,134,27.5,53.0,ok
2026-08-21 11:07:00,set,n4,134,27.9,51.8,ok
2026-08-21 11:07:30,set,n1,135,29.2,50.1,ok
2026-08-21 11:07:30,set,n2,135,26.3,55.7,ok
2026-08-21 11:07:30,set,n3,135,27.5,53.0,ok
2026-08-21 11:07:30,set,n4,135,27.9,51.8,ok
2026-08-21 11:08:00,set,n1,136,29.2,50.0,ok
2026-08-21 11:08:00,set,n2,136,26.3,55.7,ok
2026-08-21 11:08:00,set,n3,136,27.4,53.0,ok
2026-08-21 11:08:00,set,n4,136,27.9,51.8,ok
2026-08-21 11:08:30,set,n1,137,29.3,50.0,ok
2026-08-21 11:08:30,set,n2,137,26.3,55.6,ok
2026-08-21 11:08:30,set,n3,137,27.4,53.0,ok
2026-08-21 11:08:30,set,n4,137,27.8,51.9,ok
2026-08-21 11:09:00,set,n1,138,29.3,49.9,ok
2026-08-21 11:09:00,set,n2,138,26.3,55.6,ok
2026-08-21 11:09:00,set,n3,138,27.4,53.0,ok
2026-08-21 11:09:00,set,n4,138,27.8,51.9,ok
2026-08-21 11:09:30,set,n1,139,29.3,49.9,ok
2026-08-21 11:09:30,set,n2,139,26.3,55.6,ok
2026-08-21 11:09:30,set,n3,139,27.4,53.0,ok
2026-08-21 11:09:30,set,n4,139,27.8,51.9,ok
2026-08-21 11:10:00,set,n1,140,29.3,49.8,ok
2026-08-21 11:10:00,set,n2,140,26.3,55.5,ok
2026-08-21 11:10:00,set,n3,140,27.4,53.0,ok
2026-08-21 11:10:00,set,n4,140,27.8,51.9,ok
2026-08-21 11:10:30,set,n1,141,29.4,49.8,ok
2026-08-21 11:10:30,set,n2,141,26.3,55.5,ok
2026-08-21 11:10:30,set,n3,141,27.3,53.0,ok
2026-08-21 11:10:30,set,n4,141,27.8,51.9,ok
2026-08-21 11:11:00,set,n1,142,29.4,49.7,ok
2026-08-21 11:11:00,set,n2,142,26.3,55.5,ok
2026-08-21 11:11:00,set,n3,142,27.3,53.0,ok
2026-08-21 11:11:00,set,n4,142,27.8,52.0,ok
2026-08-21 11:11:30,set,n1,143,29.4,49.7,ok
2026-08-21 11:11:30,set,n2,143,26.3,55.5,ok
2026-08-21 11:11:30,set,n3,143,27.3,53.0,ok
2026-08-21 11:11:30,set,n4,143,27.8,52.0,ok
2026-08-21 11:12:00,set,n1,144,29.4,49.7,ok
2026-08-21 11:12:00,set,n2,144,26.3,55.5,ok
2026-08-21 11:12:00,set,n3,144,27.3,53.0,ok
2026-08-21 11:12:00,set,n4,144,27.8,52.0,ok
2026-08-21 11:12:30,set,n1,145,29.4,49.7,ok
2026-08-21 11:12:30,set,n2,145,26.2,55.5,ok
2026-08-21 11:12:30,set,n3,145,27.2,53.1,ok
2026-08-21 11:12:30,set,n4,145,27.8,52.0,ok
2026-08-21 11:13:00,set,n1,146,29.4,49.6,ok
2026-08-21 11:13:00,set,n2,146,26.2,55.5,ok
2026-08-21 11:13:00,set,n3,146,27.2,53.1,ok
2026-08-21 11:13:00,set,n4,146,27.8,52.0,ok
2026-08-21 11:13:30,set,n1,147,29.4,49.6,ok
2026-08-21 11:13:30,set,n2,147,26.2,55.5,ok
2026-08-21 11:13:30,set,n3,147,27.2,53.1,ok
2026-08-21 11:13:30,set,n4,147,27.8,52.0,ok
2026-08-21 11:14:00,set,n1,148,29.4,49.6,ok
2026-08-21 11:14:00,set,n2,148,26.2,55.5,ok
2026-08-21 11:14:00,set,n3,148,27.2,53.1,ok
2026-08-21 11:14:00,set,n4,148,27.8,52.0,ok
2026-08-21 11:14:30,set,n1,149,29.3,49.6,ok
2026-08-21 11:14:30,set,n2,149,26.1,55.5,ok
2026-08-21 11:14:30,set,n3,149,27.2,53.1,ok
2026-08-21 11:14:30,set,n4,149,27.9,52.0,ok
2026-08-21 11:15:00,set,n1,150,29.3,49.6,ok
2026-08-21 11:15:00,set,n2,150,26.1,55.5,ok
2026-08-21 11:15:00,set,n3,150,27.2,53.1,ok
2026-08-21 11:15:00,set,n4,150,27.9,51.9,ok
2026-08-21 11:15:30,set,n1,151,29.3,49.6,ok
2026-08-21 11:15:30,set,n2,151,26.1,55.5,ok
2026-08-21 11:15:30,set,n3,151,27.2,53.1,ok
2026-08-21 11:15:30,set,n4,151,27.9,51.9,ok
2026-08-21 11:16:00,set,n1,152,29.3,49.6,ok
2026-08-21 11:16:00,set,n2,152,26.1,55.5,ok
2026-08-21 11:16:00,set,n3,152,27.2,53.1,ok
2026-08-21 11:16:00,set,n4,152,27.9,51.9,ok
2026-08-21 11:16:30,set,n1,153,29.3,49.6,ok
2026-08-21 11:16:30,set,n2,153,26.1,55.5,ok
2026-08-21 11:16:30,set,n3,153,27.2,53.0,ok
2026-08-21 11:16:30,set,n4,153,28.0,51.9,ok
2026-08-21 11:17:00,set,n1,154,29.2,49.6,ok
2026-08-21 11:17:00,set,n2,154,26.1,55.5,ok
2026-08-21 11:17:00,set,n3,154,27.3,53.0,ok
2026-08-21 11:17:00,set,n4,154,28.0,51.8,ok
2026-08-21 11:17:30,set,n1,155,29.2,49.6,ok
2026-08-21 11:17:30,set,n2,155,26.1,55.5,ok
2026-08-21 11:17:30,set,n3,155,27.3,53.0,ok
2026-08-21 11:17:30,set,n4,155,28.0,51.8,ok
2026-08-21 11:18:00,set,n1,156,29.2,49.6,ok
2026-08-21 11:18:00,set,n2,156,26.1,55.5,ok
2026-08-21 11:18:00,set,n3,156,27.3,53.0,ok
2026-08-21 11:18:00,set,n4,156,28.1,51.8,ok
2026-08-21 11:18:30,set,n1,157,29.2,49.6,ok
2026-08-21 11:18:30,set,n2,157,26.0,55.5,ok
2026-08-21 11:18:30,set,n3,157,27.3,52.9,ok
2026-08-21 11:18:30,set,n4,157,28.1,51.8,ok
2026-08-21 11:19:00,set,n1,158,29.1,49.6,ok
2026-08-21 11:19:00,set,n2,158,26.1,55.4,ok
2026-08-21 11:19:00,set,n3,158,27.3,52.9,ok
2026-08-21 11:19:00,set,n4,158,28.1,51.8,ok
2026-08-21 11:19:30,set,n1,159,29.1,49.6,ok
2026-08-21 11:19:30,set,n2,159,26.1,55.4,ok
2026-08-21 11:19:30,set,n3,159,27.4,52.9,ok
2026-08-21 11:19:30,set,n4,159,28.2,51.8,ok
2026-08-21 11:20:00,set,n1,160,29.1,49.6,ok
2026-08-21 11:20:00,set,n2,160,26.1,55.4,ok
2026-08-21 11:20:00,set,n3,160,27.4,52.8,ok
2026-08-21 11:20:00,set,n4,160,28.2,51.7,ok
2026-08-21 11:20:30,set,n1,161,29.1,49.6,ok
2026-08-21 11:20:30,set,n2,161,26.1,55.3,ok
2026-08-21 11:20:30,set,n3,161,27.4,52.8,ok
2026-08-21 11:20:30,set,n4,161,28.2,51.7,ok
2026-08-21 11:21:00,set,n1,162,29.1,49.5,ok
2026-08-21 11:21:00,set,n2,162,26.1,55.3,ok
2026-08-21 11:21:00,set,n3,162,27.5,52.8,ok
2026-08-21 11:21:00,set,n4,162,28.2,51.7,ok
2026-08-21 11:21:30,set,n1,163,29.1,49.5,ok
2026-08-21 11:21:30,set,n2,163,26.1,55.3,ok
2026-08-21 11:21:30,set,n3,163,27.5,52.8,ok
2026-08-21 11:21:30,set,n4,163,28.3,51.7,ok
2026-08-21 11:22:00,set,n1,164,29.1,49.5,ok
2026-08-21 11:22:00,set,n2,164,26.2,55.2,ok
2026-08-21 11:22:00,set,n3,164,27.5,52.7,ok
2026-08-21 11:22:00,set,n4,164,28.3,51.7,ok
2026-08-21 11:22:30,set,n1,165,29.1,49.5,ok
2026-08-21 11:22:30,set,n2,165,26.2,55.2,ok
2026-08-21 11:22:30,set,n3,165,27.6,52.7,ok
2026-08-21 11:22:30,set,n4,165,28.3,51.8,ok
2026-08-21 11:23:00,set,n1,166,29.1,49.4,ok
2026-08-21 11:23:00,set,n2,166,26.2,55.1,ok
2026-08-21 11:23:00,set,n3,166,27.6,52.7,ok
2026-08-21 11:23:00,set,n4,166,28.3,51.8,ok
2026-08-21 11:23:30,set,n1,167,29.1,49.4,ok
2026-08-21 11:23:30,set,n2,167,26.2,55.1,ok
2026-08-21 11:23:30,set,n3,167,27.6,52.7,ok
2026-08-21 11:23:30,set,n4,167,28.3,51.8,ok
2026-08-21 11:24:00,set,n1,168,29.1,49.3,ok
2026-08-21 11:24:00,set,n2,168,26.3,55.0,ok
2026-08-21 11:24:00,set,n3,168,27.7,52.7,ok
2026-08-21 11:24:00,set,n4,168,28.3,51.8,ok
2026-08-21 11:24:30,set,n1,169,29.1,49.3,ok
2026-08-21 11:24:30,set,n2,169,26.3,55.0,ok
2026-08-21 11:24:30,set,n3,169,27.7,52.7,ok
2026-08-21 11:24:30,set,n4,169,28.3,51.9,ok
2026-08-21 11:25:00,set,n1,170,29.2,49.2,ok
2026-08-21 11:25:00,set,n2,170,26.3,54.9,ok
2026-08-21 11:25:00,set,n3,170,27.7,52.7,ok
2026-08-21 11:25:00,set,n4,170,28.3,51.9,ok
2026-08-21 11:25:30,set,n1,171,29.2,49.1,ok
2026-08-21 11:25:30,set,n2,171,26.4,54.9,ok
2026-08-21 11:25:30,set,n3,171,27.7,52.7,ok
2026-08-21 11:25:30,set,n4,171,28.3,52.0,ok
2026-08-21 11:26:00,set,n1,172,29.2,49.1,ok
2026-08-21 11:26:00,set,n2,172,26.4,54.9,ok
2026-08-21 11:26:00,set,n3,172,27.7,52.7,ok
2026-08-21 11:26:00,set,n4,172,28.3,52.0,ok
2026-08-21 11:26:30,set,n1,173,29.2,49.0,ok
2026-08-21 11:26:30,set,n2,173,26.4,54.9,ok
2026-08-21 11:26:30,set,n3,173,27.7,52.8,ok
2026-08-21 11:26:30,set,n4,173,28.2,52.0,ok
2026-08-21 11:27:00,set,n1,174,29.3,48.9,ok
2026-08-21 11:27:00,set,n2,174,26.5,54.8,ok
2026-08-21 11:27:00,set,n3,174,27.7,52.8,ok
2026-08-21 11:27:00,set,n4,174,28.2,52.1,ok
2026-08-21 11:27:30,set,n1,175,29.3,48.9,ok
2026-08-21 11:27:30,set,n2,175,26.5,54.8,ok
2026-08-21 11:27:30,set,n3,175,27.7,52.8,ok
2026-08-21 11:27:30,set,n4,175,28.2,52.1,ok
2026-08-21 11:28:00,set,n1,176,29.3,48.8,ok
2026-08-21 11:28:00,set,n2,176,26.5,54.8,ok
2026-08-21 11:28:00,set,n3,176,27.7,52.9,ok
2026-08-21 11:28:00,set,n4,176,28.2,52.2,ok
2026-08-21 11:28:30,set,n1,177,29.4,48.8,ok
2026-08-21 11:28:30,set,n2,177,26.5,54.9,ok
2026-08-21 11:28:30,set,n3,177,27.7,52.9,ok
2026-08-21 11:28:30,set,n4,177,28.1,52.2,ok
2026-08-21 11:29:00,set,n1,178,29.4,48.7,ok
2026-08-21 11:29:00,set,n2,178,26.5,54.9,ok
2026-08-21 11:29:00,set,n3,178,27.7,53.0,ok
2026-08-21 11:29:00,set,n4,178,28.1,52.2,ok
2026-08-21 11:29:30,set,n1,179,29.4,48.7,ok
2026-08-21 11:29:30,set,n2,179,26.5,54.9,ok
2026-08-21 11:29:30,set,n3,179,27.7,53.1,ok
2026-08-21 11:29:30,set,n4,179,28.1,52.3,ok
2026-08-21 11:30:00,set,n1,180,29.5,48.7,ok
2026-08-21 11:30:00,set,n2,180,26.6,54.9,ok
2026-08-21 11:30:00,set,n3,180,27.7,53.1,ok
2026-08-21 11:30:00,set,n4,180,28.1,52.3,ok
2026-08-21 11:30:30,set,n1,181,29.5,48.6,ok
2026-08-21 11:30:30,set,n2,181,26.6,55.0,ok
2026-08-21 11:30:30,set,n3,181,27.6,53.2,ok
2026-08-21 11:30:30,set,n4,181,28.1,52.3,ok
2026-08-21 11:31:00,set,n1,182,29.5,48.6,ok
2026-08-21 11:31:00,set,n2,182,26.6,55.0,ok
2026-08-21 11:31:00,set,n3,182,27.6,53.2,ok
2026-08-21 11:31:00,set,n4,182,28.0,52.3,ok
2026-08-21 11:31:30,set,n1,183,29.5,48.6,ok
2026-08-21 11:31:30,set,n2,183,26.6,55.1,ok
2026-08-21 11:31:30,set,n3,183,27.6,53.3,ok
2026-08-21 11:31:30,set,n4,183,28.0,52.3,ok
2026-08-21 11:32:00,set,n1,184,29.6,48.6,ok
2026-08-21 11:32:00,set,n2,184,26.5,55.1,ok
2026-08-21 11:32:00,set,n3,184,27.6,53.3,ok
2026-08-21 11:32:00,set,n4,184,28.0,52.3,ok
2026-08-21 11:32:30,set,n1,185,29.6,48.6,ok
2026-08-21 11:32:30,set,n2,185,26.5,55.2,ok
2026-08-21 11:32:30,set,n3,185,27.5,53.4,ok
2026-08-21 11:32:30,set,n4,185,28.0,52.3,ok
2026-08-21 11:33:00,set,n1,186,29.6,48.6,ok
2026-08-21 11:33:00,set,n2,186,26.5,55.3,ok
2026-08-21 11:33:00,set,n3,186,27.5,53.4,ok
2026-08-21 11:33:00,set,n4,186,28.0,52.3,ok
2026-08-21 11:33:30,set,n1,187,29.6,48.7,ok
2026-08-21 11:33:30,set,n2,187,26.5,55.3,ok
2026-08-21 11:33:30,set,n3,187,27.5,53.5,ok
2026-08-21 11:33:30,set,n4,187,28.0,52.2,ok
2026-08-21 11:34:00,set,n1,188,29.6,48.7,ok
2026-08-21 11:34:00,set,n2,188,26.5,55.4,ok
2026-08-21 11:34:00,set,n3,188,27.5,53.5,ok
2026-08-21 11:34:00,set,n4,188,28.0,52.2,ok
2026-08-21 11:34:30,set,n1,189,29.6,48.8,ok
2026-08-21 11:34:30,set,n2,189,26.5,55.5,ok
2026-08-21 11:34:30,set,n3,189,27.5,53.5,ok
2026-08-21 11:34:30,set,n4,189,28.0,52.1,ok
2026-08-21 11:35:00,set,n1,190,29.6,48.8,ok
2026-08-21 11:35:00,set,n2,190,26.4,55.6,ok
2026-08-21 11:35:00,set,n3,190,27.5,53.5,ok
2026-08-21 11:35:00,set,n4,190,28.0,52.0,ok
2026-08-21 11:35:30,set,n1,191,29.6,48.9,ok
2026-08-21 11:35:30,set,n2,191,26.4,55.6,ok
2026-08-21 11:35:30,set,n3,191,27.4,53.6,ok
2026-08-21 11:35:30,set,n4,191,28.0,52.0,ok
2026-08-21 11:36:00,set,n1,192,29.6,49.0,ok
2026-08-21 11:36:00,set,n2,192,26.4,55.7,ok
2026-08-21 11:36:00,set,n3,192,27.4,53.5,ok
2026-08-21 11:36:00,set,n4,192,28.0,51.9,ok
2026-08-21 11:36:30,set,n1,193,29.5,49.0,ok
2026-08-21 11:36:30,set,n2,193,26.4,55.8,ok
2026-08-21 11:36:30,set,n3,193,27.4,53.5,ok
2026-08-21 11:36:30,set,n4,193,28.1,51.8,ok
2026-08-21 11:37:00,set,n1,194,29.5,49.1,ok
2026-08-21 11:37:00,set,n2,194,26.3,55.8,ok
2026-08-21 11:37:00,set,n3,194,27.4,53.5,ok
2026-08-21 11:37:00,set,n4,194,28.1,51.7,ok
2026-08-21 11:37:30,set,n1,195,29.5,49.2,ok
2026-08-21 11:37:30,set,n2,195,26.3,55.9,ok
2026-08-21 11:37:30,set,n3,195,27.4,53.5,ok
2026-08-21 11:37:30,set,n4,195,28.1,51.6,ok
2026-08-21 11:38:00,set,n1,196,29.5,49.3,ok
2026-08-21 11:38:00,set,n2,196,26.3,55.9,ok
2026-08-21 11:38:00,set,n3,196,27.4,53.4,ok
2026-08-21 11:38:00,set,n4,196,28.2,51.5,ok
2026-08-21 11:38:30,set,n1,197,29.5,49.4,ok
2026-08-21 11:38:30,set,n2,197,26.3,55.9,ok
2026-08-21 11:38:30,set,n3,197,27.4,53.4,ok
2026-08-21 11:38:30,set,n4,197,28.2,51.4,ok
2026-08-21 11:39:00,set,n1,198,29.4,49.5,ok
2026-08-21 11:39:00,set,n2,198,26.3,56.0,ok
2026-08-21 11:39:00,set,n3,198,27.5,53.3,ok
2026-08-21 11:39:00,set,n4,198,28.2,51.3,ok
2026-08-21 11:39:30,set,n1,199,29.4,49.5,ok
2026-08-21 11:39:30,set,n2,199,26.3,56.0,ok
2026-08-21 11:39:30,set,n3,199,,,sensor_err
2026-08-21 11:39:30,set,n4,199,28.2,51.2,ok
2026-08-21 11:40:00,set,n1,200,29.4,49.6,ok
2026-08-21 11:40:00,set,n2,200,26.3,56.0,ok
2026-08-21 11:40:00,set,n3,200,27.5,53.1,ok
2026-08-21 11:40:00,set,n4,200,28.3,51.1,ok
2026-08-21 11:40:30,set,n1,201,29.4,49.7,ok
2026-08-21 11:40:30,set,n2,201,26.3,56.0,ok
2026-08-21 11:40:30,set,n3,201,27.5,53.0,ok
2026-08-21 11:40:30,set,n4,201,28.3,51.0,ok
2026-08-21 11:41:00,set,n1,202,29.3,49.7,ok
2026-08-21 11:41:00,set,n2,202,26.3,55.9,ok
2026-08-21 11:41:00,set,n3,202,27.6,52.9,ok
2026-08-21 11:41:00,set,n4,202,28.3,50.9,ok
2026-08-21 11:41:30,set,n1,203,29.3,49.8,ok
2026-08-21 11:41:30,set,n2,203,26.3,55.9,ok
2026-08-21 11:41:30,set,n3,203,27.6,52.8,ok
2026-08-21 11:41:30,set,n4,203,28.4,50.8,ok
2026-08-21 11:42:00,set,n1,204,29.3,49.9,ok
2026-08-21 11:42:00,set,n2,204,26.3,55.8,ok
2026-08-21 11:42:00,set,n3,204,27.6,52.7,ok
2026-08-21 11:42:00,set,n4,204,28.4,50.8,ok
2026-08-21 11:42:30,set,n1,205,29.3,49.9,ok
2026-08-21 11:42:30,set,n2,205,26.3,55.8,ok
2026-08-21 11:42:30,set,n3,205,27.6,52.6,ok
2026-08-21 11:42:30,set,n4,205,28.4,50.7,ok
2026-08-21 11:43:00,set,n1,206,29.3,49.9,ok
2026-08-21 11:43:00,set,n2,206,26.3,55.7,ok
2026-08-21 11:43:00,set,n3,206,27.7,52.5,ok
2026-08-21 11:43:00,set,n4,206,28.4,50.6,ok
2026-08-21 11:43:30,set,n1,207,29.3,49.9,ok
2026-08-21 11:43:30,set,n2,207,26.3,55.6,ok
2026-08-21 11:43:30,set,n3,207,27.7,52.4,ok
2026-08-21 11:43:30,set,n4,207,28.5,50.6,ok
2026-08-21 11:44:00,set,n1,208,29.3,49.9,ok
2026-08-21 11:44:00,set,n2,208,26.4,55.5,ok
2026-08-21 11:44:00,set,n3,208,27.7,52.3,ok
2026-08-21 11:44:00,set,n4,208,28.5,50.6,ok
2026-08-21 11:44:30,set,n1,209,29.3,49.9,ok
2026-08-21 11:44:30,set,n2,209,26.4,55.5,ok
2026-08-21 11:44:30,set,n3,209,27.8,52.2,ok
2026-08-21 11:44:30,set,n4,209,28.5,50.5,ok
2026-08-21 11:45:00,set,n1,210,29.3,49.9,ok
2026-08-21 11:45:00,set,n2,210,26.4,55.3,ok
2026-08-21 11:45:00,set,n3,210,27.8,52.1,ok
2026-08-21 11:45:00,set,n4,210,28.5,50.5,ok
2026-08-21 11:45:30,set,n1,211,29.3,49.9,ok
2026-08-21 11:45:30,set,n2,211,26.4,55.2,ok
2026-08-21 11:45:30,set,n3,211,27.8,52.0,ok
2026-08-21 11:45:30,set,n4,211,28.5,50.5,ok
2026-08-21 11:46:00,set,n1,212,29.3,49.8,ok
2026-08-21 11:46:00,set,n2,212,26.5,55.1,ok
2026-08-21 11:46:00,set,n3,212,27.9,51.9,ok
2026-08-21 11:46:00,set,n4,212,28.5,50.5,ok
2026-08-21 11:46:30,set,n1,213,29.3,49.8,ok
2026-08-21 11:46:30,set,n2,213,26.5,55.0,ok
2026-08-21 11:46:30,set,n3,213,27.9,51.9,ok
2026-08-21 11:46:30,set,n4,213,28.5,50.6,ok
2026-08-21 11:47:00,set,n1,214,29.4,49.7,ok
2026-08-21 11:47:00,set,n2,214,26.5,54.9,ok
2026-08-21 11:47:00,set,n3,214,27.9,51.8,ok
2026-08-21 11:47:00,set,n4,214,28.5,50.6,ok
2026-08-21 11:47:30,set,n1,215,29.4,49.6,ok
2026-08-21 11:47:30,set,n2,215,26.6,54.8,ok
2026-08-21 11:47:30,set,n3,215,27.9,51.8,ok
2026-08-21 11:47:30,set,n4,215,28.5,50.7,ok
2026-08-21 11:48:00,set,n1,216,29.4,49.5,ok
2026-08-21 11:48:00,set,n2,216,26.6,54.7,ok
2026-08-21 11:48:00,set,n3,216,27.9,51.7,ok
2026-08-21 11:48:00,set,n4,216,28.4,50.7,ok
2026-08-21 11:48:30,set,n1,217,29.4,49.5,ok
2026-08-21 11:48:30,set,n2,217,26.6,54.6,ok
2026-08-21 11:48:30,set,n3,217,27.9,51.7,ok
2026-08-21 11:48:30,set,n4,217,28.4,50.8,ok
2026-08-21 11:49:00,set,n1,218,29.5,49.3,ok
2026-08-21 11:49:00,set,n2,218,26.7,54.5,ok
2026-08-21 11:49:00,set,n3,218,27.9,51.7,ok
2026-08-21 11:49:00,set,n4,218,28.4,50.9,ok
2026-08-21 11:49:30,set,n1,219,29.5,49.3,ok
2026-08-21 11:49:30,set,n2,219,26.7,54.4,ok
2026-08-21 11:49:30,set,n3,219,27.9,51.7,ok
2026-08-21 11:49:30,set,n4,219,28.4,50.9,ok
2026-08-21 11:50:00,set,n1,220,29.5,49.1,ok
2026-08-21 11:50:00,set,n2,220,26.7,54.3,ok
2026-08-21 11:50:00,set,n3,220,27.9,51.7,ok
2026-08-21 11:50:00,set,n4,220,28.4,51.0,ok
2026-08-21 11:50:30,set,n1,221,29.6,49.0,ok
2026-08-21 11:50:30,set,n2,221,26.7,54.3,ok
2026-08-21 11:50:30,set,n3,221,27.9,51.7,ok
2026-08-21 11:50:30,set,n4,221,28.3,51.1,ok
2026-08-21 11:51:00,set,n1,222,29.6,48.9,ok
2026-08-21 11:51:00,set,n2,222,26.7,54.2,ok
2026-08-21 11:51:00,set,n3,222,27.9,51.7,ok
2026-08-21 11:51:00,set,n4,222,28.3,51.2,ok
2026-08-21 11:51:30,set,n1,223,29.6,48.8,ok
2026-08-21 11:51:30,set,n2,223,26.7,54.2,ok
2026-08-21 11:51:30,set,n3,223,27.9,51.8,ok
2026-08-21 11:51:30,set,n4,223,28.3,51.3,ok
2026-08-21 11:52:00,set,n1,224,29.7,48.7,ok
2026-08-21 11:52:00,set,n2,224,26.7,54.1,ok
2026-08-21 11:52:00,set,n3,224,27.8,51.8,ok
2026-08-21 11:52:00,set,n4,224,28.3,51.4,ok
2026-08-21 11:52:30,set,n1,225,29.7,48.6,ok
2026-08-21 11:52:30,set,n2,225,26.7,54.1,ok
2026-08-21 11:52:30,set,n3,225,27.8,51.9,ok
2026-08-21 11:52:30,set,n4,225,28.2,51.5,ok
2026-08-21 11:53:00,set,n1,226,29.7,48.5,ok
2026-08-21 11:53:00,set,n2,226,26.7,54.1,ok
2026-08-21 11:53:00,set,n3,226,27.8,52.0,ok
2026-08-21 11:53:00,set,n4,226,28.2,51.6,ok
2026-08-21 11:53:30,set,n1,227,29.7,48.5,ok
2026-08-21 11:53:30,set,n2,227,26.7,54.1,ok
2026-08-21 11:53:30,set,n3,227,27.8,52.0,ok
2026-08-21 11:53:30,set,n4,227,28.2,51.6,ok
2026-08-21 11:54:00,set,n1,228,29.7,48.4,ok
2026-08-21 11:54:00,set,n2,228,26.7,54.1,ok
2026-08-21 11:54:00,set,n3,228,27.8,52.1,ok
2026-08-21 11:54:00,set,n4,228,28.2,51.7,ok
2026-08-21 11:54:30,set,n1,229,29.8,48.3,ok
2026-08-21 11:54:30,set,n2,229,26.7,54.1,ok
2026-08-21 11:54:30,set,n3,229,27.7,52.2,ok
2026-08-21 11:54:30,set,n4,229,28.2,51.8,ok
2026-08-21 11:55:00,set,n1,230,29.8,48.2,ok
2026-08-21 11:55:00,set,n2,230,26.7,54.1,ok
2026-08-21 11:55:00,set,n3,230,27.7,52.3,ok
2026-08-21 11:55:00,set,n4,230,28.2,51.8,ok
2026-08-21 11:55:30,set,n1,231,29.8,48.2,ok
2026-08-21 11:55:30,set,n2,231,26.7,54.2,ok
2026-08-21 11:55:30,set,n3,231,27.7,52.4,ok
2026-08-21 11:55:30,set,n4,231,28.2,51.9,ok
2026-08-21 11:56:00,set,n1,232,29.8,48.2,ok
2026-08-21 11:56:00,set,n2,232,26.7,54.2,ok
2026-08-21 11:56:00,set,n3,232,27.7,52.4,ok
2026-08-21 11:56:00,set,n4,232,28.2,51.9,ok
2026-08-21 11:56:30,set,n1,233,29.8,48.1,ok
2026-08-21 11:56:30,set,n2,233,26.6,54.3,ok
2026-08-21 11:56:30,set,n3,233,27.6,52.5,ok
2026-08-21 11:56:30,set,n4,233,28.2,51.9,ok
2026-08-21 11:57:00,set,n1,234,29.8,48.1,ok
2026-08-21 11:57:00,set,n2,234,26.6,54.3,ok
2026-08-21 11:57:00,set,n3,234,27.6,52.6,ok
2026-08-21 11:57:00,set,n4,234,28.2,52.0,ok
2026-08-21 11:57:30,set,n1,235,29.7,48.1,ok
2026-08-21 11:57:30,set,n2,235,26.6,54.4,ok
2026-08-21 11:57:30,set,n3,235,27.6,52.7,ok
2026-08-21 11:57:30,set,n4,235,28.2,52.0,ok
2026-08-21 11:58:00,set,n1,236,29.7,48.1,ok
2026-08-21 11:58:00,set,n2,236,26.6,54.4,ok
2026-08-21 11:58:00,set,n3,236,27.6,52.7,ok
2026-08-21 11:58:00,set,n4,236,28.2,52.0,ok
2026-08-21 11:58:30,set,n1,237,29.7,48.1,ok
2026-08-21 11:58:30,set,n2,237,26.5,54.5,ok
2026-08-21 11:58:30,set,n3,237,27.6,52.8,ok
2026-08-21 11:58:30,set,n4,237,28.2,51.9,ok
2026-08-21 11:59:00,set,n1,238,29.7,48.1,ok
2026-08-21 11:59:00,set,n2,238,26.5,54.6,ok
2026-08-21 11:59:00,set,n3,238,27.6,52.8,ok
2026-08-21 11:59:00,set,n4,238,28.3,51.9,ok
2026-08-21 11:59:30,set,n1,239,29.7,48.2,ok
2026-08-21 11:59:30,set,n2,239,26.5,54.7,ok
2026-08-21 11:59:30,set,n3,239,27.6,52.9,ok
2026-08-21 11:59:30,set,n4,239,28.3,51.9,ok
2026-08-21 12:00:00,set,n1,240,29.7,48.2,ok
2026-08-21 12:00:00,set,n2,240,26.5,54.7,ok
2026-08-21 12:00:00,set,n3,240,27.6,52.9,ok
2026-08-21 12:00:00,set,n4,240,28.3,51.8,ok
2026-08-21 12:00:30,set,n1,241,29.6,48.3,ok
2026-08-21 12:00:30,set,n2,241,26.4,54.8,ok
2026-08-21 12:00:30,set,n3,241,27.6,53.0,ok
2026-08-21 12:00:30,set,n4,241,28.3,51.8,ok
2026-08-21 12:01:00,set,n1,242,29.6,48.3,ok
2026-08-21 12:01:00,set,n2,242,26.4,54.9,ok
2026-08-21 12:01:00,set,n3,242,27.6,53.0,ok
2026-08-21 12:01:00,set,n4,242,28.4,51.7,ok
2026-08-21 12:01:30,set,n1,243,29.6,48.4,ok
2026-08-21 12:01:30,set,n2,243,26.4,54.9,ok
2026-08-21 12:01:30,set,n3,243,27.6,53.0,ok
2026-08-21 12:01:30,set,n4,243,28.4,51.7,ok
2026-08-21 12:02:00,set,n1,244,29.6,48.4,ok
2026-08-21 12:02:00,set,n2,244,26.4,55.0,ok
2026-08-21 12:02:00,set,n3,244,27.7,53.0,ok
2026-08-21 12:02:00,set,n4,244,28.4,51.6,ok
2026-08-21 12:02:30,set,n1,245,29.5,48.5,ok
2026-08-21 12:02:30,set,n2,245,26.4,55.0,ok
2026-08-21 12:02:30,set,n3,245,27.7,53.0,ok
2026-08-21 12:02:30,set,n4,245,28.5,51.6,ok
2026-08-21 12:03:00,set,n1,246,29.5,48.5,ok
2026-08-21 12:03:00,set,n2,246,26.4,55.1,ok
2026-08-21 12:03:00,set,n3,246,27.7,52.9,ok
2026-08-21 12:03:00,set,n4,246,28.5,51.5,ok
2026-08-21 12:03:30,set,n1,247,29.5,48.6,ok
2026-08-21 12:03:30,set,n2,247,26.4,55.1,ok
2026-08-21 12:03:30,set,n3,247,27.7,52.9,ok
2026-08-21 12:03:30,set,n4,247,28.5,51.4,ok
2026-08-21 12:04:00,set,n1,248,29.5,48.6,ok
2026-08-21 12:04:00,set,n2,248,26.4,55.1,ok
2026-08-21 12:04:00,set,n3,248,27.8,52.9,ok
2026-08-21 12:04:00,set,n4,248,28.6,51.3,ok
2026-08-21 12:04:30,set,n1,249,29.5,48.7,ok
2026-08-21 12:04:30,set,n2,249,26.4,55.1,ok
2026-08-21 12:04:30,set,n3,249,27.8,52.8,ok
2026-08-21 12:04:30,set,n4,249,28.6,51.3,ok
2026-08-21 12:05:00,set,n1,250,29.4,48.7,ok
2026-08-21 12:05:00,set,n2,250,26.5,55.2,ok
2026-08-21 12:05:00,set,n3,250,27.8,52.8,ok
2026-08-21 12:05:00,set,n4,250,28.6,51.2,ok
2026-08-21 12:05:30,set,n1,251,29.4,48.8,ok
2026-08-21 12:05:30,set,n2,251,26.5,55.2,ok
2026-08-21 12:05:30,set,n3,251,27.9,52.8,ok
2026-08-21 12:05:30,set,n4,251,28.6,51.2,ok
2026-08-21 12:06:00,set,n1,252,29.4,48.8,ok
2026-08-21 12:06:00,set,n2,252,26.5,55.2,ok
2026-08-21 12:06:00,set,n3,252,27.9,52.7,ok
2026-08-21 12:06:00,set,n4,252,28.6,51.1,ok
2026-08-21 12:06:30,set,n1,253,29.4,48.9,ok
2026-08-21 12:06:30,set,n2,253,26.5,55.2,ok
2026-08-21 12:06:30,set,n3,253,27.9,52.7,ok
2026-08-21 12:06:30,set,n4,253,28.6,51.1,ok
2026-08-21 12:07:00,set,n1,254,29.4,48.9,ok
2026-08-21 12:07:00,set,n2,254,26.6,55.1,ok
2026-08-21 12:07:00,set,n3,254,28.0,52.6,ok
2026-08-21 12:07:00,set,n4,254,28.6,51.0,ok
2026-08-21 12:07:30,set,n1,255,29.5,48.9,ok
2026-08-21 12:07:30,set,n2,255,26.6,55.1,ok
2026-08-21 12:07:30,set,n3,255,28.0,52.5,ok
2026-08-21 12:07:30,set,n4,255,28.6,51.0,ok
2026-08-21 12:08:00,set,n1,256,29.5,48.9,ok
2026-08-21 12:08:00,set,n2,256,26.6,55.1,ok
2026-08-21 12:08:00,set,n3,256,28.0,52.5,ok
2026-08-21 12:08:00,set,n4,256,28.6,50.9,ok
2026-08-21 12:08:30,set,n1,257,29.5,48.9,ok
2026-08-21 12:08:30,set,n2,257,26.7,55.1,ok
2026-08-21 12:08:30,set,n3,257,28.0,52.5,ok
2026-08-21 12:08:30,set,n4,257,28.6,50.9,ok
2026-08-21 12:09:00,set,n1,258,29.5,48.9,ok
2026-08-21 12:09:00,set,n2,258,26.7,55.0,ok
2026-08-21 12:09:00,set,n3,258,28.0,52.4,ok
2026-08-21 12:09:00,set,n4,258,28.6,50.9,ok
2026-08-21 12:09:30,set,n1,259,29.5,48.9,ok
2026-08-21 12:09:30,set,n2,259,26.7,55.0,ok
2026-08-21 12:09:30,set,n3,259,28.0,52.4,ok
2026-08-21 12:09:30,set,n4,259,28.6,50.9,ok
2026-08-21 12:10:00,set,n1,260,29.6,48.9,ok
2026-08-21 12:10:00,set,n2,260,26.7,54.9,ok
2026-08-21 12:10:00,set,n3,260,28.1,52.3,ok
2026-08-21 12:10:00,set,n4,260,28.6,50.9,ok
2026-08-21 12:10:30,set,n1,261,29.6,48.9,ok
2026-08-21 12:10:30,set,n2,261,26.8,54.9,ok
2026-08-21 12:10:30,set,n3,261,28.1,52.3,ok
2026-08-21 12:10:30,set,n4,261,28.6,50.9,ok
2026-08-21 12:11:00,set,n1,262,29.6,48.9,ok
2026-08-21 12:11:00,set,n2,262,26.8,54.9,ok
2026-08-21 12:11:00,set,n3,262,28.1,52.3,ok
2026-08-21 12:11:00,set,n4,262,28.5,50.9,ok
2026-08-21 12:11:30,set,n1,263,29.6,48.9,ok
2026-08-21 12:11:30,set,n2,263,26.8,54.9,ok
2026-08-21 12:11:30,set,n3,263,28.1,52.2,ok
2026-08-21 12:11:30,set,n4,263,28.5,50.9,ok
2026-08-21 12:12:00,set,n1,264,29.7,48.9,ok
2026-08-21 12:12:00,set,n2,264,26.8,54.8,ok
2026-08-21 12:12:00,set,n3,264,28.1,52.2,ok
2026-08-21 12:12:00,set,n4,264,28.5,50.9,ok
2026-08-21 12:12:30,set,n1,265,29.7,48.8,ok
2026-08-21 12:12:30,set,n2,265,26.9,54.8,ok
2026-08-21 12:12:30,set,n3,265,28.0,52.2,ok
2026-08-21 12:12:30,set,n4,265,28.5,50.9,ok
2026-08-21 12:13:00,set,n1,266,29.7,48.8,ok
2026-08-21 12:13:00,set,n2,266,26.9,54.8,ok
2026-08-21 12:13:00,set,n3,266,28.0,52.2,ok
2026-08-21 12:13:00,set,n4,266,28.4,50.9,ok
2026-08-21 12:13:30,set,n1,267,29.8,48.8,ok
2026-08-21 12:13:30,set,n2,267,26.9,54.7,ok
2026-08-21 12:13:30,set,n3,267,28.0,52.2,ok
2026-08-21 12:13:30,set,n4,267,28.4,50.9,ok
2026-08-21 12:14:00,set,n1,268,29.8,48.8,ok
2026-08-21 12:14:00,set,n2,268,26.9,54.7,ok
2026-08-21 12:14:00,set,n3,268,28.0,52.2,ok
2026-08-21 12:14:00,set,n4,268,28.4,50.9,ok
2026-08-21 12:14:30,set,n1,269,29.8,48.8,ok
2026-08-21 12:14:30,set,n2,269,26.9,54.7,ok
2026-08-21 12:14:30,set,n3,269,28.0,52.2,ok
2026-08-21 12:14:30,set,n4,269,28.4,50.9,ok
2026-08-21 12:15:00,set,n1,270,29.8,48.7,ok
2026-08-21 12:15:00,set,n2,270,26.9,54.7,ok
2026-08-21 12:15:00,set,n3,270,27.9,52.2,ok
2026-08-21 12:15:00,set,n4,270,28.4,50.9,ok
2026-08-21 12:15:30,set,n1,271,29.9,48.7,ok
2026-08-21 12:15:30,set,n2,271,26.9,54.7,ok
2026-08-21 12:15:30,set,n3,271,27.9,52.2,ok
2026-08-21 12:15:30,set,n4,271,28.3,50.9,ok
2026-08-21 12:16:00,set,n1,272,29.9,48.7,ok
2026-08-21 12:16:00,set,n2,272,26.9,54.7,ok
2026-08-21 12:16:00,set,n3,272,27.9,52.2,ok
2026-08-21 12:16:00,set,n4,272,28.3,50.9,ok
2026-08-21 12:16:30,set,n1,273,29.9,48.7,ok
2026-08-21 12:16:30,set,n2,273,26.8,54.7,ok
2026-08-21 12:16:30,set,n3,273,27.9,52.2,ok
2026-08-21 12:16:30,set,n4,273,28.3,50.9,ok
2026-08-21 12:17:00,set,n1,274,29.9,48.7,ok
2026-08-21 12:17:00,set,n2,274,26.8,54.7,ok
2026-08-21 12:17:00,set,n3,274,27.8,52.2,ok
2026-08-21 12:17:00,set,n4,274,28.3,50.9,ok
2026-08-21 12:17:30,set,n1,275,29.9,48.7,ok
2026-08-21 12:17:30,set,n2,275,26.8,54.7,ok
2026-08-21 12:17:30,set,n3,275,27.8,52.2,ok
2026-08-21 12:17:30,set,n4,275,28.3,50.9,ok
2026-08-21 12:18:00,set,n1,276,29.9,48.7,ok
2026-08-21 12:18:00,set,n2,276,26.8,54.7,ok
2026-08-21 12:18:00,set,n3,276,27.8,52.2,ok
2026-08-21 12:18:00,set,n4,276,28.3,50.9,ok
2026-08-21 12:18:30,set,n1,277,29.9,48.7,ok
2026-08-21 12:18:30,set,n2,277,26.8,54.7,ok
2026-08-21 12:18:30,set,n3,277,27.8,52.2,ok
2026-08-21 12:18:30,set,n4,277,28.3,50.9,ok
2026-08-21 12:19:00,set,n1,278,29.9,48.7,ok
2026-08-21 12:19:00,set,n2,278,26.7,54.7,ok
2026-08-21 12:19:00,set,n3,278,27.8,52.2,ok
2026-08-21 12:19:00,set,n4,278,28.3,50.9,ok
2026-08-21 12:19:30,set,n1,279,29.9,48.7,ok
2026-08-21 12:19:30,set,n2,279,26.7,54.8,ok
2026-08-21 12:19:30,set,n3,279,27.7,52.2,ok
2026-08-21 12:19:30,set,n4,279,28.3,50.9,ok
2026-08-21 12:20:00,set,n1,280,29.9,48.8,ok
2026-08-21 12:20:00,set,n2,280,26.7,54.8,ok
2026-08-21 12:20:00,set,n3,280,27.7,52.2,ok
2026-08-21 12:20:00,set,n4,280,28.3,50.8,ok
2026-08-21 12:20:30,set,n1,281,29.8,48.8,ok
2026-08-21 12:20:30,set,n2,281,26.7,54.8,ok
2026-08-21 12:20:30,set,n3,281,27.7,52.2,ok
2026-08-21 12:20:30,set,n4,281,28.4,50.8,ok
2026-08-21 12:21:00,set,n1,282,29.8,48.8,ok
2026-08-21 12:21:00,set,n2,282,26.6,54.8,ok
2026-08-21 12:21:00,set,n3,282,27.7,52.2,ok
2026-08-21 12:21:00,set,n4,282,28.4,50.8,ok
2026-08-21 12:21:30,set,n1,283,29.8,48.8,ok
2026-08-21 12:21:30,set,n2,283,26.6,54.8,ok
2026-08-21 12:21:30,set,n3,283,27.7,52.1,ok
2026-08-21 12:21:30,set,n4,283,28.4,50.7,ok
2026-08-21 12:22:00,set,n1,284,29.8,48.8,ok
2026-08-21 12:22:00,set,n2,284,26.6,54.8,ok
2026-08-21 12:22:00,set,n3,284,27.7,52.1,ok
2026-08-21 12:22:00,set,n4,284,28.4,50.7,ok
2026-08-21 12:22:30,set,n1,285,29.7,48.9,ok
2026-08-21 12:22:30,set,n2,285,26.6,54.8,ok
2026-08-21 12:22:30,set,n3,285,27.7,52.1,ok
2026-08-21 12:22:30,set,n4,285,28.5,50.7,ok
2026-08-21 12:23:00,set,n1,286,29.7,48.9,ok
2026-08-21 12:23:00,set,n2,286,26.6,54.7,ok
2026-08-21 12:23:00,set,n3,286,27.7,52.0,ok
2026-08-21 12:23:00,set,n4,286,28.5,50.6,ok
2026-08-21 12:23:30,set,n1,287,29.7,48.9,ok
2026-08-21 12:23:30,set,n2,287,26.5,54.7,ok
2026-08-21 12:23:30,set,n3,287,27.8,52.0,ok
2026-08-21 12:23:30,set,n4,287,28.5,50.6,ok
2026-08-21 12:24:00,set,n1,288,29.7,48.9,ok
2026-08-21 12:24:00,set,n2,288,26.5,54.7,ok
2026-08-21 12:24:00,set,n3,288,27.8,51.9,ok
2026-08-21 12:24:00,set,n4,288,28.6,50.6,ok
2026-08-21 12:24:30,set,n1,289,29.6,48.9,ok
2026-08-21 12:24:30,set,n2,289,26.5,54.7,ok
2026-08-21 12:24:30,set,n3,289,27.8,51.9,ok
2026-08-21 12:24:30,set,n4,289,28.6,50.6,ok
2026-08-21 12:25:00,set,n1,290,29.6,48.9,ok
2026-08-21 12:25:00,set,n2,290,26.5,54.6,ok
2026-08-21 12:25:00,set,n3,290,27.8,51.9,ok
2026-08-21 12:25:00,set,n4,290,28.6,50.5,ok
2026-08-21 12:25:30,set,n1,291,29.6,48.9,ok
2026-08-21 12:25:30,set,n2,291,26.5,54.6,ok
2026-08-21 12:25:30,set,n3,291,27.9,51.8,ok
2026-08-21 12:25:30,set,n4,291,28.6,50.5,ok
2026-08-21 12:26:00,set,n1,292,29.6,48.9,ok
2026-08-21 12:26:00,set,n2,292,26.5,54.5,ok
2026-08-21 12:26:00,set,n3,292,27.9,51.8,ok
2026-08-21 12:26:00,set,n4,292,28.7,50.5,ok
2026-08-21 12:26:30,set,n1,293,29.6,48.9,ok
2026-08-21 12:26:30,set,n2,293,26.6,54.5,ok
2026-08-21 12:26:30,set,n3,293,27.9,51.7,ok
2026-08-21 12:26:30,set,n4,293,28.7,50.5,ok
2026-08-21 12:27:00,set,n1,294,29.6,48.9,ok
2026-08-21 12:27:00,set,n2,294,26.6,54.4,ok
2026-08-21 12:27:00,set,n3,294,27.9,51.7,ok
2026-08-21 12:27:00,set,n4,294,28.7,50.5,ok
2026-08-21 12:27:30,set,n1,295,29.5,48.9,ok
2026-08-21 12:27:30,set,n2,295,26.6,54.4,ok
2026-08-21 12:27:30,set,n3,295,28.0,51.6,ok
2026-08-21 12:27:30,set,n4,295,28.7,50.5,ok
2026-08-21 12:28:00,set,n1,296,29.5,48.8,ok
2026-08-21 12:28:00,set,n2,296,26.6,54.3,ok
2026-08-21 12:28:00,set,n3,296,28.0,51.6,ok
2026-08-21 12:28:00,set,n4,296,28.7,50.6,ok
2026-08-21 12:28:30,set,n1,297,29.5,48.8,ok
2026-08-21 12:28:30,set,n2,297,26.6,54.2,ok
2026-08-21 12:28:30,set,n3,297,28.0,51.6,ok
2026-08-21 12:28:30,set,n4,297,28.7,50.6,ok
2026-08-21 12:29:00,set,n1,298,29.5,48.7,ok
2026-08-21 12:29:00,set,n2,298,26.7,54.2,ok
2026-08-21 12:29:00,set,n3,298,28.1,51.5,ok
2026-08-21 12:29:00,set,n4,298,28.7,50.6,ok
2026-08-21 12:29:30,set,n1,299,29.6,48.7,ok
2026-08-21 12:29:30,set,n2,299,26.7,54.1,ok
2026-08-21 12:29:30,set,n3,299,28.1,51.5,ok
2026-08-21 12:29:30,set,n4,299,28.7,50.7,ok
2026-08-21 12:30:00,set,n1,300,29.6,48.6,ok
2026-08-21 12:30:00,set,n2,300,26.7,54.1,ok
2026-08-21 12:30:00,set,n3,300,28.1,51.5,ok
2026-08-21 12:30:00,set,n4,300,28.7,50.7,ok
2026-08-21 12:30:30,set,n1,301,29.6,48.5,ok
2026-08-21 12:30:30,set,n2,301,26.8,54.0,ok
2026-08-21 12:30:30,set,n3,301,28.1,51.5,ok
2026-08-21 12:30:30,set,n4,301,28.7,50.8,ok
2026-08-21 12:31:00,set,n1,302,29.6,48.5,ok
2026-08-21 12:31:00,set,n2,302,26.8,53.9,ok
2026-08-21 12:31:00,set,n3,302,28.1,51.5,ok
2026-08-21 12:31:00,set,n4,302,28.7,50.8,ok
2026-08-21 12:31:30,set,n1,303,29.6,48.4,ok
2026-08-21 12:31:30,set,n2,303,26.8,53.9,ok
2026-08-21 12:31:30,set,n3,303,28.1,51.6,ok
2026-08-21 12:31:30,set,n4,303,28.7,50.9,ok
2026-08-21 12:32:00,set,n1,304,29.7,48.3,ok
2026-08-21 12:32:00,set,n2,304,26.8,53.8,ok
2026-08-21 12:32:00,set,n3,304,28.2,51.6,ok
2026-08-21 12:32:00,set,n4,304,28.7,51.0,ok
2026-08-21 12:32:30,set,n1,305,29.7,48.2,ok
2026-08-21 12:32:30,set,n2,305,26.9,53.8,ok
2026-08-21 12:32:30,set,n3,305,28.2,51.6,ok
2026-08-21 12:32:30,set,n4,305,28.7,51.1,ok
2026-08-21 12:33:00,set,n1,306,29.7,48.1,ok
2026-08-21 12:33:00,set,n2,306,26.9,53.8,ok
2026-08-21 12:33:00,set,n3,306,28.2,51.7,ok
2026-08-21 12:33:00,set,n4,306,28.6,51.1,ok
2026-08-21 12:33:30,set,n1,307,29.7,48.1,ok
2026-08-21 12:33:30,set,n2,307,26.9,53.8,ok
2026-08-21 12:33:30,set,n3,307,28.1,51.7,ok
2026-08-21 12:33:30,set,n4,307,28.6,51.2,ok
2026-08-21 12:34:00,set,n1,308,29.8,48.0,ok
2026-08-21 12:34:00,set,n2,308,26.9,53.8,ok
2026-08-21 12:34:00,set,n3,308,28.1,51.8,ok
2026-08-21 12:34:00,set,n4,308,28.6,51.3,ok
2026-08-21 12:34:30,set,n1,309,29.8,47.9,ok
2026-08-21 12:34:30,set,n2,309,26.9,53.8,ok
2026-08-21 12:34:30,set,n3,309,28.1,51.9,ok
2026-08-21 12:34:30,set,n4,309,28.6,51.4,ok
2026-08-21 12:35:00,set,n1,310,29.8,47.9,ok
2026-08-21 12:35:00,set,n2,310,27.0,53.8,ok
2026-08-21 12:35:00,set,n3,310,28.1,51.9,ok
2026-08-21 12:35:00,set,n4,310,28.5,51.4,ok
2026-08-21 12:35:30,set,n1,311,29.9,47.8,ok
2026-08-21 12:35:30,set,n2,311,27.0,53.8,ok
2026-08-21 12:35:30,set,n3,311,28.1,52.0,ok
2026-08-21 12:35:30,set,n4,311,28.5,51.5,ok
2026-08-21 12:36:00,set,n1,312,29.9,47.7,ok
2026-08-21 12:36:00,set,n2,312,27.0,53.8,ok
2026-08-21 12:36:00,set,n3,312,28.1,52.1,ok
2026-08-21 12:36:00,set,n4,312,28.5,51.5,ok
2026-08-21 12:36:30,set,n1,313,29.9,47.7,ok
2026-08-21 12:36:30,set,n2,313,27.0,53.9,ok
2026-08-21 12:36:30,set,n3,313,28.0,52.2,ok
2026-08-21 12:36:30,set,n4,313,28.5,51.6,ok
2026-08-21 12:37:00,set,n1,314,29.9,47.7,ok
2026-08-21 12:37:00,set,n2,314,27.0,53.9,ok
2026-08-21 12:37:00,set,n3,314,28.0,52.3,ok
2026-08-21 12:37:00,set,n4,314,28.4,51.6,ok
2026-08-21 12:37:30,set,n1,315,29.9,47.7,ok
2026-08-21 12:37:30,set,n2,315,27.0,54.0,ok
2026-08-21 12:37:30,set,n3,315,28.0,52.4,ok
2026-08-21 12:37:30,set,n4,315,28.4,51.7,ok
2026-08-21 12:38:00,set,n1,316,30.0,47.6,ok
2026-08-21 12:38:00,set,n2,316,26.9,54.1,ok
2026-08-21 12:38:00,set,n3,316,28.0,52.4,ok
2026-08-21 12:38:00,set,n4,316,28.4,51.7,ok
2026-08-21 12:38:30,set,n1,317,30.0,47.6,ok
2026-08-21 12:38:30,set,n2,317,26.9,54.1,ok
2026-08-21 12:38:30,set,n3,317,27.9,52.5,ok
2026-08-21 12:38:30,set,n4,317,28.4,51.7,ok
2026-08-21 12:39:00,set,n1,318,30.0,47.7,ok
2026-08-21 12:39:00,set,n2,318,26.9,54.2,ok
2026-08-21 12:39:00,set,n3,318,27.9,52.6,ok
2026-08-21 12:39:00,set,n4,318,28.4,51.7,ok
2026-08-21 12:39:30,set,n1,319,30.0,47.7,ok
2026-08-21 12:39:30,set,n2,319,26.9,54.3,ok
2026-08-21 12:39:30,set,n3,319,27.9,52.7,ok
2026-08-21 12:39:30,set,n4,319,28.4,51.7,ok
2026-08-21 12:40:00,set,n1,320,30.0,47.7,ok
2026-08-21 12:40:00,set,n2,320,26.9,54.4,ok
2026-08-21 12:40:00,set,n3,320,27.9,52.7,ok
2026-08-21 12:40:00,set,n4,320,28.4,51.6,ok
2026-08-21 12:40:30,set,n1,321,30.0,47.8,ok
2026-08-21 12:40:30,set,n2,321,26.8,54.5,ok
2026-08-21 12:40:30,set,n3,321,27.8,52.8,ok
2026-08-21 12:40:30,set,n4,321,28.4,51.6,ok
2026-08-21 12:41:00,set,n1,322,30.0,47.8,ok
2026-08-21 12:41:00,set,n2,322,26.8,54.6,ok
2026-08-21 12:41:00,set,n3,322,27.8,52.8,ok
2026-08-21 12:41:00,set,n4,322,28.4,51.6,ok
2026-08-21 12:41:30,set,n1,323,29.9,47.9,ok
2026-08-21 12:41:30,set,n2,323,26.8,54.7,ok
2026-08-21 12:41:30,set,n3,323,27.8,52.9,ok
2026-08-21 12:41:30,set,n4,323,28.4,51.5,ok
2026-08-21 12:42:00,set,n1,324,29.9,47.9,ok
2026-08-21 12:42:00,set,n2,324,26.7,54.8,ok
2026-08-21 12:42:00,set,n3,324,27.8,52.9,ok
2026-08-21 12:42:00,set,n4,324,28.4,51.4,ok
2026-08-21 12:42:30,set,n1,325,29.9,48.0,ok
2026-08-21 12:42:30,set,n2,325,26.7,54.9,ok
2026-08-21 12:42:30,set,n3,325,27.8,52.9,ok
2026-08-21 12:42:30,set,n4,325,28.4,51.3,ok
2026-08-21 12:43:00,set,n1,326,29.9,48.1,ok
2026-08-21 12:43:00,set,n2,326,26.7,55.0,ok
2026-08-21 12:43:00,set,n3,326,27.8,52.9,ok
2026-08-21 12:43:00,set,n4,326,28.5,51.3,ok
2026-08-21 12:43:30,set,n1,327,29.9,48.2,ok
2026-08-21 12:43:30,set,n2,327,26.7,55.0,ok
2026-08-21 12:43:30,set,n3,327,27.8,52.9,ok
2026-08-21 12:43:30,set,n4,327,28.5,51.2,ok
2026-08-21 12:44:00,set,n1,328,29.8,48.3,ok
2026-08-21 12:44:00,set,n2,328,26.7,55.1,ok
2026-08-21 12:44:00,set,n3,328,27.8,52.9,ok
2026-08-21 12:44:00,set,n4,328,28.5,51.1,ok
2026-08-21 12:44:30,set,n1,329,29.8,48.4,ok
2026-08-21 12:44:30,set,n2,329,26.6,55.2,ok
2026-08-21 12:44:30,set,n3,329,27.8,52.9,ok
2026-08-21 12:44:30,set,n4,329,28.5,51.0,ok
2026-08-21 12:45:00,set,n1,330,29.8,48.5,ok
2026-08-21 12:45:00,set,n2,330,26.6,55.2,ok
2026-08-21 12:45:00,set,n3,330,27.8,52.8,ok
2026-08-21 12:45:00,set,n4,330,28.6,50.9,ok
2026-08-21 12:45:30,set,n1,331,29.8,48.6,ok
2026-08-21 12:45:30,set,n2,331,26.6,55.3,ok
2026-08-21 12:45:30,set,n3,331,27.8,52.7,ok
2026-08-21 12:45:30,set,n4,331,28.6,50.8,ok
2026-08-21 12:46:00,set,n1,332,29.7,48.7,ok
2026-08-21 12:46:00,set,n2,332,26.6,55.3,ok
2026-08-21 12:46:00,set,n3,332,27.8,52.7,ok
2026-08-21 12:46:00,set,n4,332,28.6,50.7,ok
2026-08-21 12:46:30,set,n1,333,29.7,48.8,ok
2026-08-21 12:46:30,set,n2,333,26.6,55.3,ok
2026-08-21 12:46:30,set,n3,333,27.9,52.6,ok
2026-08-21 12:46:30,set,n4,333,28.6,50.6,ok
2026-08-21 12:47:00,set,n1,334,29.7,48.9,ok
2026-08-21 12:47:00,set,n2,334,26.6,55.3,ok
2026-08-21 12:47:00,set,n3,334,27.9,52.5,ok
2026-08-21 12:47:00,set,n4,334,28.7,50.5,ok
2026-08-21 12:47:30,set,n1,335,29.7,49.0,ok
2026-08-21 12:47:30,set,n2,335,26.6,55.3,ok
2026-08-21 12:47:30,set,n3,335,27.9,52.4,ok
2026-08-21 12:47:30,set,n4,335,28.7,50.4,ok
2026-08-21 12:48:00,set,n1,336,29.6,49.0,ok
2026-08-21 12:48:00,set,n2,336,26.6,55.3,ok
2026-08-21 12:48:00,set,n3,336,27.9,52.3,ok
2026-08-21 12:48:00,set,n4,336,28.7,50.3,ok
2026-08-21 12:48:30,set,n1,337,29.6,49.1,ok
2026-08-21 12:48:30,set,n2,337,26.6,55.3,ok
2026-08-21 12:48:30,set,n3,337,28.0,52.2,ok
2026-08-21 12:48:30,set,n4,337,28.7,50.2,ok
2026-08-21 12:49:00,set,n1,338,29.6,49.2,ok
2026-08-21 12:49:00,set,n2,338,26.6,55.2,ok
2026-08-21 12:49:00,set,n3,338,28.0,52.1,ok
2026-08-21 12:49:00,set,n4,338,28.8,50.1,ok
2026-08-21 12:49:30,set,n1,339,29.6,49.2,ok
2026-08-21 12:49:30,set,n2,339,26.6,55.2,ok
2026-08-21 12:49:30,set,n3,339,28.0,52.0,ok
2026-08-21 12:49:30,set,n4,339,28.8,50.1,ok
2026-08-21 12:50:00,set,n1,340,29.6,49.2,ok
2026-08-21 12:50:00,set,n2,340,26.7,55.1,ok
2026-08-21 12:50:00,set,n3,340,28.1,51.9,ok
2026-08-21 12:50:00,set,n4,340,28.8,50.0,ok
2026-08-21 12:50:30,set,n1,341,29.6,49.3,ok
2026-08-21 12:50:30,set,n2,341,26.7,55.0,ok
2026-08-21 12:50:30,set,n3,341,28.1,51.8,ok
2026-08-21 12:50:30,set,n4,341,28.8,50.0,ok
2026-08-21 12:51:00,set,n1,342,29.6,49.3,ok
2026-08-21 12:51:00,set,n2,342,26.7,55.0,ok
2026-08-21 12:51:00,set,n3,342,28.1,51.7,ok
2026-08-21 12:51:00,set,n4,342,28.8,50.0,ok
2026-08-21 12:51:30,set,n1,343,29.6,49.3,ok
2026-08-21 12:51:30,set,n2,343,26.7,54.9,ok
2026-08-21 12:51:30,set,n3,343,28.1,51.6,ok
2026-08-21 12:51:30,set,n4,343,28.8,49.9,ok
2026-08-21 12:52:00,set,n1,344,29.6,49.3,ok
2026-08-21 12:52:00,set,n2,344,26.8,54.8,ok
2026-08-21 12:52:00,set,n3,344,28.2,51.6,ok
2026-08-21 12:52:00,set,n4,344,28.8,49.9,ok
2026-08-21 12:52:30,set,n1,345,29.6,49.2,ok
2026-08-21 12:52:30,set,n2,345,26.8,54.7,ok
2026-08-21 12:52:30,set,n3,345,28.2,51.5,ok
2026-08-21 12:52:30,set,n4,345,28.8,50.0,ok
2026-08-21 12:53:00,set,n1,346,29.6,49.2,ok
2026-08-21 12:53:00,set,n2,346,26.8,54.6,ok
2026-08-21 12:53:00,set,n3,346,28.2,51.4,ok
2026-08-21 12:53:00,set,n4,346,28.8,50.0,ok
2026-08-21 12:53:30,set,n1,347,29.7,49.2,ok
2026-08-21 12:53:30,set,n2,347,26.9,54.5,ok
2026-08-21 12:53:30,set,n3,347,28.2,51.4,ok
2026-08-21 12:53:30,set,n4,347,28.7,50.0,ok
2026-08-21 12:54:00,set,n1,348,29.7,49.1,ok
2026-08-21 12:54:00,set,n2,348,26.9,54.4,ok
2026-08-21 12:54:00,set,n3,348,28.2,51.3,ok
2026-08-21 12:54:00,set,n4,348,28.7,50.1,ok
2026-08-21 12:54:30,set,n1,349,29.7,49.0,ok
2026-08-21 12:54:30,set,n2,349,26.9,54.3,ok
2026-08-21 12:54:30,set,n3,349,28.2,51.3,ok
2026-08-21 12:54:30,set,n4,349,28.7,50.1,ok
2026-08-21 12:55:00,set,n1,350,29.7,49.0,ok
2026-08-21 12:55:00,set,n2,350,26.9,54.2,ok
2026-08-21 12:55:00,set,n3,350,28.2,51.2,ok
2026-08-21 12:55:00,set,n4,350,28.7,50.2,ok
2026-08-21 12:55:30,set,n1,351,29.8,48.9,ok
2026-08-21 12:55:30,set,n2,351,27.0,54.1,ok
2026-08-21 12:55:30,set,n3,351,28.2,51.2,ok
2026-08-21 12:55:30,set,n4,351,28.7,50.2,ok
2026-08-21 12:56:00,set,n1,352,29.8,48.8,ok
2026-08-21 12:56:00,set,n2,352,27.0,54.1,ok
2026-08-21 12:56:00,set,n3,352,28.2,51.2,ok
2026-08-21 12:56:00,set,n4,352,28.6,50.3,ok
2026-08-21 12:56:30,set,n1,353,29.8,48.7,ok
2026-08-21 12:56:30,set,n2,353,27.0,54.0,ok
2026-08-21 12:56:30,set,n3,353,28.2,51.2,ok
2026-08-21 12:56:30,set,n4,353,28.6,50.4,ok
2026-08-21 12:57:00,set,n1,354,29.9,48.6,ok
2026-08-21 12:57:00,set,n2,354,27.0,53.9,ok
2026-08-21 12:57:00,set,n3,354,28.1,51.2,ok
2026-08-21 12:57:00,set,n4,354,28.6,50.5,ok
2026-08-21 12:57:30,set,n1,355,29.9,48.6,ok
2026-08-21 12:57:30,set,n2,355,27.0,53.9,ok
2026-08-21 12:57:30,set,n3,355,28.1,51.3,ok
2026-08-21 12:57:30,set,n4,355,28.5,50.5,ok
2026-08-21 12:58:00,set,n1,356,29.9,48.5,ok
2026-08-21 12:58:00,set,n2,356,27.0,53.8,ok
2026-08-21 12:58:00,set,n3,356,28.1,51.3,ok
2026-08-21 12:58:00,set,n4,356,28.5,50.6,ok
2026-08-21 12:58:30,set,n1,357,29.9,48.4,ok
2026-08-21 12:58:30,set,n2,357,27.0,53.8,ok
2026-08-21 12:58:30,set,n3,357,28.1,51.3,ok
2026-08-21 12:58:30,set,n4,357,28.5,50.7,ok
2026-08-21 12:59:00,set,n1,358,30.0,48.3,ok
2026-08-21 12:59:00,set,n2,358,27.0,53.8,ok
2026-08-21 12:59:00,set,n3,358,28.1,51.4,ok
2026-08-21 12:59:00,set,n4,358,28.5,50.8,ok
2026-08-21 12:59:30,set,n1,359,30.0,48.2,ok
2026-08-21 12:59:30,set,n2,359,27.0,53.7,ok
2026-08-21 12:59:30,set,n3,359,28.0,51.5,ok
2026-08-21 12:59:30,set,n4,359,28.4,50.9,ok
2026-08-21 13:00:00,set,n1,360,30.0,48.2,ok
2026-08-21 13:00:00,set,n2,360,27.0,53.7,ok
2026-08-21 13:00:00,set,n3,360,28.0,51.5,ok
2026-08-21 13:00:00,set,n4,360,28.4,50.9,ok
2026-08-21 13:00:30,set,n1,361,30.0,48.1,ok
2026-08-21 13:00:30,set,n2,361,26.9,53.7,ok
2026-08-21 13:00:30,set,n3,361,28.0,51.6,ok
2026-08-21 13:00:30,set,n4,361,28.4,51.0,ok
2026-08-21 13:01:00,set,n1,362,30.0,48.0,ok
2026-08-21 13:01:00,set,n2,362,26.9,53.7,ok
2026-08-21 13:01:00,set,n3,362,27.9,51.7,ok
2026-08-21 13:01:00,set,n4,362,28.4,51.1,ok
2026-08-21 13:01:30,set,n1,363,30.0,48.0,ok
2026-08-21 13:01:30,set,n2,363,26.9,53.8,ok
2026-08-21 13:01:30,set,n3,363,27.9,51.7,ok
2026-08-21 13:01:30,set,n4,363,28.4,51.1,ok
2026-08-21 13:02:00,set,n1,364,30.0,48.0,ok
2026-08-21 13:02:00,set,n2,364,26.9,53.8,ok
2026-08-21 13:02:00,set,n3,364,27.9,51.8,ok
2026-08-21 13:02:00,set,n4,364,28.4,51.2,ok
2026-08-21 13:02:30,set,n1,365,30.0,47.9,ok
2026-08-21 13:02:30,set,n2,365,26.9,53.8,ok
2026-08-21 13:02:30,set,n3,365,27.9,51.9,ok
2026-08-21 13:02:30,set,n4,365,28.4,51.2,ok
2026-08-21 13:03:00,set,n1,366,30.0,47.9,ok
2026-08-21 13:03:00,set,n2,366,26.8,53.9,ok
2026-08-21 13:03:00,set,n3,366,27.8,51.9,ok
2026-08-21 13:03:00,set,n4,366,28.4,51.3,ok
2026-08-21 13:03:30,set,n1,367,30.0,47.9,ok
2026-08-21 13:03:30,set,n2,367,26.8,53.9,ok
2026-08-21 13:03:30,set,n3,367,27.8,52.0,ok
2026-08-21 13:03:30,set,n4,367,28.4,51.3,ok
2026-08-21 13:04:00,set,n1,368,29.9,47.9,ok
2026-08-21 13:04:00,set,n2,368,26.8,54.0,ok
2026-08-21 13:04:00,set,n3,368,27.8,52.1,ok
2026-08-21 13:04:00,set,n4,368,28.4,51.3,ok
2026-08-21 13:04:30,set,n1,369,29.9,47.9,ok
2026-08-21 13:04:30,set,n2,369,26.7,54.0,ok
2026-08-21 13:04:30,set,n3,369,27.8,52.1,ok
2026-08-21 13:04:30,set,n4,369,28.5,51.3,ok
2026-08-21 13:05:00,set,n1,370,29.9,47.9,ok
2026-08-21 13:05:00,set,n2,370,26.7,54.1,ok
2026-08-21 13:05:00,set,n3,370,27.8,52.2,ok
2026-08-21 13:05:00,set,n4,370,28.5,51.3,ok
2026-08-21 13:05:30,set,n1,371,29.9,47.9,ok
2026-08-21 13:05:30,set,n2,371,26.7,54.1,ok
2026-08-21 13:05:30,set,n3,371,27.8,52.2,ok
2026-08-21 13:05:30,set,n4,371,28.5,51.3,ok
2026-08-21 13:06:00,set,n1,372,29.9,47.9,ok
2026-08-21 13:06:00,set,n2,372,26.7,54.2,ok
2026-08-21 13:06:00,set,n3,372,27.8,52.2,ok
2026-08-21 13:06:00,set,n4,372,28.5,51.3,ok
2026-08-21 13:06:30,set,n1,373,29.8,48.0,ok
2026-08-21 13:06:30,set,n2,373,26.6,54.2,ok
2026-08-21 13:06:30,set,n3,373,27.8,52.3,ok
2026-08-21 13:06:30,set,n4,373,28.5,51.3,ok
2026-08-21 13:07:00,set,n1,374,29.8,48.0,ok
2026-08-21 13:07:00,set,n2,374,26.6,54.3,ok
2026-08-21 13:07:00,set,n3,374,27.8,52.3,ok
2026-08-21 13:07:00,set,n4,374,28.6,51.2,ok
2026-08-21 13:07:30,set,n1,375,29.8,48.0,ok
2026-08-21 13:07:30,set,n2,375,26.6,54.3,ok
2026-08-21 13:07:30,set,n3,375,27.8,52.3,ok
2026-08-21 13:07:30,set,n4,375,28.6,51.2,ok
2026-08-21 13:08:00,set,n1,376,29.7,48.1,ok
2026-08-21 13:08:00,set,n2,376,26.6,54.4,ok
2026-08-21 13:08:00,set,n3,376,27.8,52.3,ok
2026-08-21 13:08:00,set,n4,376,28.6,51.2,ok
2026-08-21 13:08:30,set,n1,377,29.7,48.1,ok
2026-08-21 13:08:30,set,n2,377,26.6,54.4,ok
2026-08-21 13:08:30,set,n3,377,27.9,52.3,ok
2026-08-21 13:08:30,set,n4,377,28.7,51.1,ok
2026-08-21 13:09:00,set,n1,378,29.7,48.1,ok
2026-08-21 13:09:00,set,n2,378,26.6,54.5,ok
2026-08-21 13:09:00,set,n3,378,27.9,52.3,ok
2026-08-21 13:09:00,set,n4,378,28.7,51.1,ok
2026-08-21 13:09:30,set,n1,379,29.7,48.2,ok
2026-08-21 13:09:30,set,n2,379,26.6,54.5,ok
2026-08-21 13:09:30,set,n3,379,27.9,52.3,ok
2026-08-21 13:09:30,set,n4,379,28.7,51.1,ok
2026-08-21 13:10:00,set,n1,380,29.6,48.2,ok
2026-08-21 13:10:00,set,n2,380,26.6,54.5,ok
2026-08-21 13:10:00,set,n3,380,27.9,52.3,ok
2026-08-21 13:10:00,set,n4,380,28.7,51.0,ok
2026-08-21 13:10:30,set,n1,381,29.6,48.3,ok
2026-08-21 13:10:30,set,n2,381,26.6,54.5,ok
2026-08-21 13:10:30,set,n3,381,28.0,52.3,ok
2026-08-21 13:10:30,set,n4,381,28.7,51.0,ok
2026-08-21 13:11:00,set,n1,382,29.6,48.3,ok
2026-08-21 13:11:00,set,n2,382,26.6,54.6,ok
2026-08-21 13:11:00,set,n3,382,28.0,52.3,ok
2026-08-21 13:11:00,set,n4,382,28.8,51.0,ok
2026-08-21 13:11:30,set,n1,383,29.6,48.3,ok
2026-08-21 13:11:30,set,n2,383,26.6,54.6,ok
2026-08-21 13:11:30,set,n3,383,28.0,52.3,ok
2026-08-21 13:11:30,set,n4,383,28.8,50.9,ok
2026-08-21 13:12:00,set,n1,384,29.6,48.3,ok
2026-08-21 13:12:00,set,n2,384,26.7,54.6,ok
2026-08-21 13:12:00,set,n3,384,28.1,52.2,ok
2026-08-21 13:12:00,set,n4,384,28.8,50.9,ok
2026-08-21 13:12:30,set,n1,385,29.6,48.4,ok
2026-08-21 13:12:30,set,n2,385,26.7,54.6,ok
2026-08-21 13:12:30,set,n3,385,28.1,52.2,ok
2026-08-21 13:12:30,set,n4,385,28.8,50.9,ok
2026-08-21 13:13:00,set,n1,386,29.6,48.4,ok
2026-08-21 13:13:00,set,n2,386,26.7,54.6,ok
2026-08-21 13:13:00,set,n3,386,28.1,52.2,ok
2026-08-21 13:13:00,set,n4,386,28.8,50.9,ok
2026-08-21 13:13:30,set,n1,387,29.6,48.4,ok
2026-08-21 13:13:30,set,n2,387,26.7,54.5,ok
2026-08-21 13:13:30,set,n3,387,28.1,52.2,ok
2026-08-21 13:13:30,set,n4,387,28.8,50.9,ok
2026-08-21 13:14:00,set,n1,388,29.6,48.4,ok
2026-08-21 13:14:00,set,n2,388,26.8,54.5,ok
2026-08-21 13:14:00,set,n3,388,28.1,52.2,ok
2026-08-21 13:14:00,set,n4,388,28.8,50.9,ok
2026-08-21 13:14:30,set,n1,389,29.6,48.4,ok
2026-08-21 13:14:30,set,n2,389,26.8,54.5,ok
2026-08-21 13:14:30,set,n3,389,28.2,52.2,ok
2026-08-21 13:14:30,set,n4,389,28.8,50.9,ok
2026-08-21 13:15:00,set,n1,390,29.6,48.4,ok
2026-08-21 13:15:00,set,n2,390,26.8,54.5,ok
2026-08-21 13:15:00,set,n3,390,28.2,52.1,ok
2026-08-21 13:15:00,set,n4,390,28.8,50.9,ok
2026-08-21 13:15:30,set,n1,391,29.7,48.4,ok
2026-08-21 13:15:30,set,n2,391,26.8,54.5,ok
2026-08-21 13:15:30,set,n3,391,28.2,52.1,ok
2026-08-21 13:15:30,set,n4,391,28.7,50.9,ok
2026-08-21 13:16:00,set,n1,392,29.7,48.4,ok
2026-08-21 13:16:00,set,n2,392,26.9,54.5,ok
2026-08-21 13:16:00,set,n3,392,28.2,52.1,ok
2026-08-21 13:16:00,set,n4,392,28.7,50.9,ok
2026-08-21 13:16:30,set,n1,393,29.7,48.4,ok
2026-08-21 13:16:30,set,n2,393,26.9,54.5,ok
2026-08-21 13:16:30,set,n3,393,28.2,52.1,ok
2026-08-21 13:16:30,set,n4,393,28.7,50.9,ok
2026-08-21 13:17:00,set,n1,394,29.7,48.4,ok
2026-08-21 13:17:00,set,n2,394,26.9,54.5,ok
2026-08-21 13:17:00,set,n3,394,28.2,52.1,ok
2026-08-21 13:17:00,set,n4,394,28.7,50.9,ok
2026-08-21 13:17:30,set,n1,395,29.8,48.4,ok
2026-08-21 13:17:30,set,n2,395,26.9,54.5,ok
2026-08-21 13:17:30,set,n3,395,28.2,52.1,ok
2026-08-21 13:17:30,set,n4,395,28.6,50.9,ok
2026-08-21 13:18:00,set,n1,396,29.8,48.4,ok
2026-08-21 13:18:00,set,n2,396,27.0,54.5,ok
2026-08-21 13:18:00,set,n3,396,28.2,52.2,ok
2026-08-21 13:18:00,set,n4,396,28.6,50.9,ok
2026-08-21 13:18:30,set,n1,397,29.8,48.4,ok
2026-08-21 13:18:30,set,n2,397,27.0,54.5,ok
2026-08-21 13:18:30,set,n3,397,28.1,52.2,ok
2026-08-21 13:18:30,set,n4,397,28.6,50.9,ok
2026-08-21 13:19:00,set,n1,398,29.8,48.3,ok
2026-08-21 13:19:00,set,n2,398,27.0,54.5,ok
2026-08-21 13:19:00,set,n3,398,28.1,52.2,ok
2026-08-21 13:19:00,set,n4,398,28.5,51.0,ok
2026-08-21 13:19:30,set,n1,399,29.9,48.3,ok
2026-08-21 13:19:30,set,n2,399,27.0,54.5,ok
2026-08-21 13:19:30,set,n3,399,,,sensor_err
2026-08-21 13:19:30,set,n4,399,28.5,51.0,ok
2026-08-21 13:20:00,set,n1,400,29.9,48.3,ok
2026-08-21 13:20:00,set,n2,400,27.0,54.5,ok
2026-08-21 13:20:00,set,n3,400,28.1,52.2,ok
2026-08-21 13:20:00,set,n4,400,28.5,51.0,ok
2026-08-21 13:20:30,set,n1,401,29.9,48.3,ok
2026-08-21 13:20:30,set,n2,401,27.0,54.5,ok
2026-08-21 13:20:30,set,n3,401,28.1,52.3,ok
2026-08-21 13:20:30,set,n4,401,28.5,51.0,ok
2026-08-21 13:21:00,set,n1,402,29.9,48.3,ok
2026-08-21 13:21:00,set,n2,402,27.0,54.6,ok
2026-08-21 13:21:00,set,n3,402,28.0,52.3,ok
2026-08-21 13:21:00,set,n4,402,28.4,51.0,ok
2026-08-21 13:21:30,set,n1,403,29.9,48.4,ok
2026-08-21 13:21:30,set,n2,403,27.0,54.6,ok
2026-08-21 13:21:30,set,n3,403,28.0,52.3,ok
2026-08-21 13:21:30,set,n4,403,28.4,51.0,ok
2026-08-21 13:22:00,set,n1,404,30.0,48.4,ok
2026-08-21 13:22:00,set,n2,404,26.9,54.6,ok
2026-08-21 13:22:00,set,n3,404,28.0,52.3,ok
2026-08-21 13:22:00,set,n4,404,28.4,51.0,ok
2026-08-21 13:22:30,set,n1,405,30.0,48.4,ok
2026-08-21 13:22:30,set,n2,405,26.9,54.7,ok
2026-08-21 13:22:30,set,n3,405,27.9,52.3,ok
2026-08-21 13:22:30,set,n4,405,28.4,51.0,ok
2026-08-21 13:23:00,set,n1,406,30.0,48.4,ok
2026-08-21 13:23:00,set,n2,406,26.9,54.7,ok
2026-08-21 13:23:00,set,n3,406,27.9,52.4,ok
2026-08-21 13:23:00,set,n4,406,28.4,50.9,ok
2026-08-21 13:23:30,set,n1,407,30.0,48.4,ok
2026-08-21 13:23:30,set,n2,407,26.9,54.7,ok
2026-08-21 13:23:30,set,n3,407,27.9,52.4,ok
2026-08-21 13:23:30,set,n4,407,28.4,50.9,ok
2026-08-21 13:24:00,set,n1,408,30.0,48.5,ok
2026-08-21 13:24:00,set,n2,408,26.8,54.8,ok
2026-08-21 13:24:00,set,n3,408,27.9,52.4,ok
2026-08-21 13:24:00,set,n4,408,28.4,50.9,ok
2026-08-21 13:24:30,set,n1,409,30.0,48.5,ok
2026-08-21 13:24:30,set,n2,409,26.8,54.8,ok
2026-08-21 13:24:30,set,n3,409,27.8,52.4,ok
2026-08-21 13:24:30,set,n4,409,28.4,50.9,ok
2026-08-21 13:25:00,set,n1,410,29.9,48.6,ok
2026-08-21 13:25:00,set,n2,410,26.8,54.8,ok
2026-08-21 13:25:00,set,n3,410,27.8,52.4,ok
2026-08-21 13:25:00,set,n4,410,28.4,50.8,ok
2026-08-21 13:25:30,set,n1,411,29.9,48.6,ok
2026-08-21 13:25:30,set,n2,411,26.8,54.9,ok
2026-08-21 13:25:30,set,n3,411,27.8,52.4,ok
2026-08-21 13:25:30,set,n4,411,28.4,50.8,ok
2026-08-21 13:26:00,set,n1,412,29.9,48.7,ok
2026-08-21 13:26:00,set,n2,412,26.7,54.9,ok
2026-08-21 13:26:00,set,n3,412,27.8,52.4,ok
2026-08-21 13:26:00,set,n4,412,28.4,50.7,ok
2026-08-21 13:26:30,set,n1,413,29.9,48.7,ok
2026-08-21 13:26:30,set,n2,413,26.7,54.9,ok
2026-08-21 13:26:30,set,n3,413,27.8,52.3,ok
2026-08-21 13:26:30,set,n4,413,28.4,50.7,ok
2026-08-21 13:27:00,set,n1,414,29.9,48.8,ok
2026-08-21 13:27:00,set,n2,414,26.7,55.0,ok
2026-08-21 13:27:00,set,n3,414,27.8,52.3,ok
2026-08-21 13:27:00,set,n4,414,28.4,50.6,ok
2026-08-21 13:27:30,set,n1,415,29.8,48.8,ok
2026-08-21 13:27:30,set,n2,415,26.6,55.0,ok
2026-08-21 13:27:30,set,n3,415,27.8,52.3,ok
2026-08-21 13:27:30,set,n4,415,28.5,50.6,ok
2026-08-21 13:28:00,set,n1,416,29.8,48.9,ok
2026-08-21 13:28:00,set,n2,416,26.6,55.0,ok
2026-08-21 13:28:00,set,n3,416,27.8,52.2,ok
2026-08-21 13:28:00,set,n4,416,28.5,50.5,ok
2026-08-21 13:28:30,set,n1,417,29.8,48.9,ok
2026-08-21 13:28:30,set,n2,417,26.6,55.0,ok
2026-08-21 13:28:30,set,n3,417,27.8,52.2,ok
2026-08-21 13:28:30,set,n4,417,28.5,50.5,ok
2026-08-21 13:29:00,set,n1,418,29.7,49.0,ok
2026-08-21 13:29:00,set,n2,418,26.6,55.0,ok
2026-08-21 13:29:00,set,n3,418,27.8,52.1,ok
2026-08-21 13:29:00,set,n4,418,28.5,50.4,ok
2026-08-21 13:29:30,set,n1,419,29.7,49.0,ok
2026-08-21 13:29:30,set,n2,419,26.6,55.0,ok
2026-08-21 13:29:30,set,n3,419,27.8,52.1,ok
2026-08-21 13:29:30,set,n4,419,28.6,50.4,ok
2026-08-21 13:30:00,set,n1,420,29.7,49.1,ok
2026-08-21 13:30:00,set,n2,420,26.6,54.9,ok
2026-08-21 13:30:00,set,n3,420,27.8,52.0,ok
2026-08-21 13:30:00,set,n4,420,28.6,50.4,ok
2026-08-21 13:30:30,set,n1,421,29.7,49.1,ok
2026-08-21 13:30:30,set,n2,421,26.6,54.9,ok
2026-08-21 13:30:30,set,n3,421,27.8,51.9,ok
2026-08-21 13:30:30,set,n4,421,28.6,50.3,ok
2026-08-21 13:31:00,set,n1,422,29.6,49.1,ok
2026-08-21 13:31:00,set,n2,422,26.5,54.9,ok
2026-08-21 13:31:00,set,n3,422,27.8,51.9,ok
2026-08-21 13:31:00,set,n4,422,28.6,50.3,ok
2026-08-21 13:31:30,set,n1,423,29.6,49.1,ok
2026-08-21 13:31:30,set,n2,423,26.5,54.8,ok
2026-08-21 13:31:30,set,n3,423,27.9,51.8,ok
2026-08-21 13:31:30,set,n4,423,28.7,50.3,ok
2026-08-21 13:32:00,set,n1,424,29.6,49.2,ok
2026-08-21 13:32:00,set,n2,424,26.6,54.8,ok
2026-08-21 13:32:00,set,n3,424,27.9,51.7,ok
2026-08-21 13:32:00,set,n4,424,28.7,50.3,ok
2026-08-21 13:32:30,set,n1,425,29.6,49.2,ok
2026-08-21 13:32:30,set,n2,425,26.6,54.7,ok
2026-08-21 13:32:30,set,n3,425,27.9,51.7,ok
2026-08-21 13:32:30,set,n4,425,28.7,50.3,ok
2026-08-21 13:33:00,set,n1,426,29.6,49.1,ok
2026-08-21 13:33:00,set,n2,426,26.6,54.6,ok
2026-08-21 13:33:00,set,n3,426,27.9,51.6,ok
2026-08-21 13:33:00,set,n4,426,28.7,50.3,ok
2026-08-21 13:33:30,set,n1,427,29.5,49.1,ok
2026-08-21 13:33:30,set,n2,427,26.6,54.6,ok
2026-08-21 13:33:30,set,n3,427,28.0,51.6,ok
2026-08-21 13:33:30,set,n4,427,28.7,50.3,ok
2026-08-21 13:34:00,set,n1,428,29.5,49.1,ok
2026-08-21 13:34:00,set,n2,428,26.6,54.5,ok
2026-08-21 13:34:00,set,n3,428,28.0,51.5,ok
2026-08-21 13:34:00,set,n4,428,28.7,50.3,ok
2026-08-21 13:34:30,set,n1,429,29.5,49.1,ok
2026-08-21 13:34:30,set,n2,429,26.6,54.4,ok
2026-08-21 13:34:30,set,n3,429,28.0,51.5,ok
2026-08-21 13:34:30,set,n4,429,28.7,50.3,ok
2026-08-21 13:35:00,set,n1,430,29.5,49.0,ok
2026-08-21 13:35:00,set,n2,430,26.7,54.3,ok
2026-08-21 13:35:00,set,n3,430,28.0,51.4,ok
2026-08-21 13:35:00,set,n4,430,28.7,50.4,ok
2026-08-21 13:35:30,set,n1,431,29.5,49.0,ok
2026-08-21 13:35:30,set,n2,431,26.7,54.2,ok
2026-08-21 13:35:30,set,n3,431,28.1,51.4,ok
2026-08-21 13:35:30,set,n4,431,28.7,50.4,ok
2026-08-21 13:36:00,set,n1,432,29.5,48.9,ok
2026-08-21 13:36:00,set,n2,432,26.7,54.2,ok
2026-08-21 13:36:00,set,n3,432,28.1,51.4,ok
2026-08-21 13:36:00,set,n4,432,28.7,50.5,ok
2026-08-21 13:36:30,set,n1,433,29.6,48.8,ok
2026-08-21 13:36:30,set,n2,433,26.7,54.1,ok
2026-08-21 13:36:30,set,n3,433,28.1,51.4,ok
2026-08-21 13:36:30,set,n4,433,28.7,50.6,ok
2026-08-21 13:37:00,set,n1,434,29.6,48.8,ok
2026-08-21 13:37:00,set,n2,434,26.8,54.0,ok
2026-08-21 13:37:00,set,n3,434,28.1,51.4,ok
2026-08-21 13:37:00,set,n4,434,28.7,50.6,ok
2026-08-21 13:37:30,set,n1,435,29.6,48.7,ok
2026-08-21 13:37:30,set,n2,435,26.8,54.0,ok
2026-08-21 13:37:30,set,n3,435,28.1,51.4,ok
2026-08-21 13:37:30,set,n4,435,28.7,50.7,ok
2026-08-21 13:38:00,set,n1,436,29.6,48.6,ok
2026-08-21 13:38:00,set,n2,436,26.8,53.9,ok
2026-08-21 13:38:00,set,n3,436,28.1,51.4,ok
2026-08-21 13:38:00,set,n4,436,28.6,50.8,ok
2026-08-21 13:38:30,set,n1,437,29.6,48.5,ok
2026-08-21 13:38:30,set,n2,437,26.8,53.8,ok
2026-08-21 13:38:30,set,n3,437,28.1,51.4,ok
2026-08-21 13:38:30,set,n4,437,28.6,50.9,ok
2026-08-21 13:39:00,set,n1,438,29.7,48.4,ok
2026-08-21 13:39:00,set,n2,438,26.8,53.8,ok
2026-08-21 13:39:00,set,n3,438,28.1,51.5,ok
2026-08-21 13:39:00,set,n4,438,28.6,51.0,ok
2026-08-21 13:39:30,set,n1,439,29.7,48.3,ok
2026-08-21 13:39:30,set,n2,439,26.9,53.8,ok
2026-08-21 13:39:30,set,n3,439,28.1,51.6,ok
2026-08-21 13:39:30,set,n4,439,28.6,51.1,ok
2026-08-21 13:40:00,set,n1,440,29.7,48.2,ok
2026-08-21 13:40:00,set,n2,440,26.9,53.7,ok
2026-08-21 13:40:00,set,n3,440,28.1,51.6,ok
2026-08-21 13:40:00,set,n4,440,28.5,51.2,ok
2026-08-21 13:40:30,set,n1,441,29.7,48.1,ok
2026-08-21 13:40:30,set,n2,441,26.9,53.7,ok
2026-08-21 13:40:30,set,n3,441,28.1,51.7,ok
2026-08-21 13:40:30,set,n4,441,28.5,51.3,ok
2026-08-21 13:41:00,set,n1,442,29.8,48.1,ok
2026-08-21 13:41:00,set,n2,442,26.9,53.7,ok
2026-08-21 13:41:00,set,n3,442,28.1,51.8,ok
2026-08-21 13:41:00,set,n4,442,28.5,51.4,ok
2026-08-21 13:41:30,set,n1,443,29.8,48.0,ok
2026-08-21 13:41:30,set,n2,443,26.9,53.7,ok
2026-08-21 13:41:30,set,n3,443,28.0,51.9,ok
2026-08-21 13:41:30,set,n4,443,28.4,51.5,ok
2026-08-21 13:42:00,set,n1,444,29.8,47.9,ok
2026-08-21 13:42:00,set,n2,444,26.9,53.8,ok
2026-08-21 13:42:00,set,n3,444,28.0,52.0,ok
2026-08-21 13:42:00,set,n4,444,28.4,51.6,ok
2026-08-21 13:42:30,set,n1,445,29.8,47.9,ok
2026-08-21 13:42:30,set,n2,445,26.9,53.8,ok
2026-08-21 13:42:30,set,n3,445,28.0,52.1,ok
2026-08-21 13:42:30,set,n4,445,28.4,51.7,ok
2026-08-21 13:43:00,set,n1,446,29.9,47.8,ok
2026-08-21 13:43:00,set,n2,446,26.9,53.8,ok
2026-08-21 13:43:00,set,n3,446,27.9,52.2,ok
2026-08-21 13:43:00,set,n4,446,28.4,51.7,ok
2026-08-21 13:43:30,set,n1,447,29.9,47.8,ok
2026-08-21 13:43:30,set,n2,447,26.9,53.9,ok
2026-08-21 13:43:30,set,n3,447,27.9,52.3,ok
2026-08-21 13:43:30,set,n4,447,28.3,51.8,ok
2026-08-21 13:44:00,set,n1,448,29.9,47.8,ok
2026-08-21 13:44:00,set,n2,448,26.9,54.0,ok
2026-08-21 13:44:00,set,n3,448,27.9,52.4,ok
2026-08-21 13:44:00,set,n4,448,28.3,51.8,ok
2026-08-21 13:44:30,set,n1,449,29.9,47.7,ok
2026-08-21 13:44:30,set,n2,449,26.8,54.0,ok
2026-08-21 13:44:30,set,n3,449,27.9,52.5,ok
2026-08-21 13:44:30,set,n4,449,28.3,51.9,ok
2026-08-21 13:45:00,set,n1,450,29.9,47.7,ok
2026-08-21 13:45:00,set,n2,450,26.8,54.1,ok
2026-08-21 13:45:00,set,n3,450,27.8,52.6,ok
2026-08-21 13:45:00,set,n4,450,28.3,51.9,ok
2026-08-21 13:45:30,set,n1,451,29.9,47.7,ok
2026-08-21 13:45:30,set,n2,451,26.8,54.2,ok
2026-08-21 13:45:30,set,n3,451,27.8,52.7,ok
2026-08-21 13:45:30,set,n4,451,28.3,51.9,ok
2026-08-21 13:46:00,set,n1,452,29.9,47.8,ok
2026-08-21 13:46:00,set,n2,452,26.8,54.3,ok
2026-08-21 13:46:00,set,n3,452,27.8,52.8,ok
2026-08-21 13:46:00,set,n4,452,28.3,51.9,ok
2026-08-21 13:46:30,set,n1,453,29.9,47.8,ok
2026-08-21 13:46:30,set,n2,453,26.7,54.4,ok
2026-08-21 13:46:30,set,n3,453,27.7,52.9,ok
2026-08-21 13:46:30,set,n4,453,28.3,51.9,ok
2026-08-21 13:47:00,set,n1,454,29.9,47.8,ok
2026-08-21 13:47:00,set,n2,454,26.7,54.5,ok
2026-08-21 13:47:00,set,n3,454,27.7,52.9,ok
2026-08-21 13:47:00,set,n4,454,28.3,51.9,ok
2026-08-21 13:47:30,set,n1,455,29.8,47.9,ok
2026-08-21 13:47:30,set,n2,455,26.7,54.6,ok
2026-08-21 13:47:30,set,n3,455,27.7,53.0,ok
2026-08-21 13:47:30,set,n4,455,28.3,51.9,ok
2026-08-21 13:48:00,set,n1,456,29.8,48.0,ok
2026-08-21 13:48:00,set,n2,456,26.6,54.7,ok
2026-08-21 13:48:00,set,n3,456,27.7,53.1,ok
2026-08-21 13:48:00,set,n4,456,28.3,51.8,ok
2026-08-21 13:48:30,set,n1,457,29.8,48.0,ok
2026-08-21 13:48:30,set,n2,457,26.6,54.8,ok
2026-08-21 13:48:30,set,n3,457,27.7,53.1,ok
2026-08-21 13:48:30,set,n4,457,28.3,51.8,ok
2026-08-21 13:49:00,set,n1,458,29.8,48.1,ok
2026-08-21 13:49:00,set,n2,458,26.6,55.0,ok
2026-08-21 13:49:00,set,n3,458,27.7,53.1,ok
2026-08-21 13:49:00,set,n4,458,28.3,51.7,ok
2026-08-21 13:49:30,set,n1,459,29.7,48.2,ok
2026-08-21 13:49:30,set,n2,459,26.6,55.1,ok
2026-08-21 13:49:30,set,n3,459,27.7,53.2,ok
2026-08-21 13:49:30,set,n4,459,28.4,51.6,ok
2026-08-21 13:50:00,set,n1,460,29.7,48.3,ok
2026-08-21 13:50:00,set,n2,460,26.5,55.1,ok
2026-08-21 13:50:00,set,n3,460,27.7,53.2,ok
2026-08-21 13:50:00,set,n4,460,28.4,51.6,ok
2026-08-21 13:50:30,set,n1,461,29.7,48.4,ok
2026-08-21 13:50:30,set,n2,461,26.5,55.2,ok
2026-08-21 13:50:30,set,n3,461,27.7,53.2,ok
2026-08-21 13:50:30,set,n4,461,28.4,51.5,ok
2026-08-21 13:51:00,set,n1,462,29.6,48.5,ok
2026-08-21 13:51:00,set,n2,462,26.5,55.3,ok
2026-08-21 13:51:00,set,n3,462,27.7,53.2,ok
2026-08-21 13:51:00,set,n4,462,28.4,51.4,ok
2026-08-21 13:51:30,set,n1,463,29.6,48.6,ok
2026-08-21 13:51:30,set,n2,463,26.5,55.4,ok
2026-08-21 13:51:30,set,n3,463,27.7,53.1,ok
2026-08-21 13:51:30,set,n4,463,28.5,51.3,ok
2026-08-21 13:52:00,set,n1,464,29.6,48.7,ok
2026-08-21 13:52:00,set,n2,464,26.5,55.4,ok
2026-08-21 13:52:00,set,n3,464,27.7,53.1,ok
2026-08-21 13:52:00,set,n4,464,28.5,51.2,ok
2026-08-21 13:52:30,set,n1,465,29.6,48.8,ok
2026-08-21 13:52:30,set,n2,465,26.4,55.5,ok
2026-08-21 13:52:30,set,n3,465,27.7,53.0,ok
2026-08-21 13:52:30,set,n4,465,28.5,51.1,ok
2026-08-21 13:53:00,set,n1,466,29.5,48.9,ok
2026-08-21 13:53:00,set,n2,466,26.4,55.5,ok
2026-08-21 13:53:00,set,n3,466,27.7,53.0,ok
2026-08-21 13:53:00,set,n4,466,28.5,51.0,ok
2026-08-21 13:53:30,set,n1,467,29.5,49.0,ok
2026-08-21 13:53:30,set,n2,467,26.4,55.5,ok
2026-08-21 13:53:30,set,n3,467,27.8,52.9,ok
2026-08-21 13:53:30,set,n4,467,28.6,50.9,ok
2026-08-21 13:54:00,set,n1,468,29.5,49.1,ok
2026-08-21 13:54:00,set,n2,468,26.4,55.6,ok
2026-08-21 13:54:00,set,n3,468,27.8,52.9,ok
2026-08-21 13:54:00,set,n4,468,28.6,50.9,ok
2026-08-21 13:54:30,set,n1,469,29.5,49.2,ok
2026-08-21 13:54:30,set,n2,469,26.5,55.6,ok
2026-08-21 13:54:30,set,n3,469,27.8,52.8,ok
2026-08-21 13:54:30,set,n4,469,28.6,50.8,ok
2026-08-21 13:55:00,set,n1,470,29.4,49.3,ok
2026-08-21 13:55:00,set,n2,470,26.5,55.6,ok
2026-08-21 13:55:00,set,n3,470,27.8,52.7,ok
2026-08-21 13:55:00,set,n4,470,28.6,50.7,ok
2026-08-21 13:55:30,set,n1,471,29.4,49.3,ok
2026-08-21 13:55:30,set,n2,471,26.5,55.5,ok
2026-08-21 13:55:30,set,n3,471,27.9,52.6,ok
2026-08-21 13:55:30,set,n4,471,28.6,50.6,ok
2026-08-21 13:56:00,set,n1,472,29.4,49.4,ok
2026-08-21 13:56:00,set,n2,472,26.5,55.5,ok
2026-08-21 13:56:00,set,n3,472,27.9,52.5,ok
2026-08-21 13:56:00,set,n4,472,28.6,50.6,ok
2026-08-21 13:56:30,set,n1,473,29.4,49.4,ok
2026-08-21 13:56:30,set,n2,473,26.5,55.5,ok
2026-08-21 13:56:30,set,n3,473,27.9,52.4,ok
2026-08-21 13:56:30,set,n4,473,28.6,50.5,ok
2026-08-21 13:57:00,set,n1,474,29.4,49.5,ok
2026-08-21 13:57:00,set,n2,474,26.5,55.4,ok
2026-08-21 13:57:00,set,n3,474,27.9,52.4,ok
2026-08-21 13:57:00,set,n4,474,28.6,50.5,ok
2026-08-21 13:57:30,set,n1,475,29.4,49.5,ok
2026-08-21 13:57:30,set,n2,475,26.6,55.4,ok
2026-08-21 13:57:30,set,n3,475,28.0,52.3,ok
2026-08-21 13:57:30,set,n4,475,28.6,50.5,ok
2026-08-21 13:58:00,set,n1,476,29.4,49.5,ok
2026-08-21 13:58:00,set,n2,476,26.6,55.3,ok
2026-08-21 13:58:00,set,n3,476,28.0,52.2,ok
2026-08-21 13:58:00,set,n4,476,28.6,50.5,ok
2026-08-21 13:58:30,set,n1,477,29.4,49.5,ok
2026-08-21 13:58:30,set,n2,477,26.6,55.2,ok
2026-08-21 13:58:30,set,n3,477,28.0,52.1,ok
2026-08-21 13:58:30,set,n4,477,28.6,50.5,ok
2026-08-21 13:59:00,set,n1,478,29.5,49.5,ok
2026-08-21 13:59:00,set,n2,478,26.6,55.2,ok
2026-08-21 13:59:00,set,n3,478,28.0,52.1,ok
2026-08-21 13:59:00,set,n4,478,28.6,50.5,ok
2026-08-21 13:59:30,set,n1,479,29.5,49.5,ok
2026-08-21 13:59:30,set,n2,479,26.7,55.1,ok
2026-08-21 13:59:30,set,n3,479,28.0,52.0,ok
2026-08-21 13:59:30,set,n4,479,28.6,50.5,ok
2026-08-21 14:00:00,set,n1,480,29.5,49.5,ok
2026-08-21 14:00:00,set,n2,480,26.7,55.0,ok
2026-08-21 14:00:00,set,n3,480,28.0,52.0,ok
2026-08-21 14:00:00,set,n4,480,28.5,50.5,ok
2026-08-21 14:00:30,set,n1,481,29.5,49.4,ok
2026-08-21 14:00:30,set,n2,481,26.7,54.9,ok
2026-08-21 14:00:30,set,n3,481,28.0,51.9,ok
2026-08-21 14:00:30,set,n4,481,28.5,50.5,ok
2026-08-21 14:01:00,set,n1,482,29.5,49.4,ok
2026-08-21 14:01:00,set,n2,482,26.7,54.9,ok
2026-08-21 14:01:00,set,n3,482,28.0,51.9,ok
2026-08-21 14:01:00,set,n4,482,28.5,50.6,ok
2026-08-21 14:01:30,set,n1,483,29.6,49.4,ok
2026-08-21 14:01:30,set,n2,483,26.7,54.8,ok
2026-08-21 14:01:30,set,n3,483,28.0,51.9,ok
2026-08-21 14:01:30,set,n4,483,28.4,50.6,ok
2026-08-21 14:02:00,set,n1,484,29.6,49.3,ok
2026-08-21 14:02:00,set,n2,484,26.8,54.7,ok
2026-08-21 14:02:00,set,n3,484,28.0,51.9,ok
2026-08-21 14:02:00,set,n4,484,28.4,50.7,ok
2026-08-21 14:02:30,set,n1,485,29.6,49.3,ok
2026-08-21 14:02:30,set,n2,485,26.8,54.7,ok
2026-08-21 14:02:30,set,n3,485,28.0,51.8,ok
2026-08-21 14:02:30,set,n4,485,28.4,50.7,ok
2026-08-21 14:03:00,set,n1,486,29.6,49.2,ok
2026-08-21 14:03:00,set,n2,486,26.8,54.6,ok
2026-08-21 14:03:00,set,n3,486,27.9,51.9,ok
2026-08-21 14:03:00,set,n4,486,28.3,50.8,ok
2026-08-21 14:03:30,set,n1,487,29.7,49.1,ok
2026-08-21 14:03:30,set,n2,487,26.8,54.6,ok
2026-08-21 14:03:30,set,n3,487,27.9,51.9,ok
2026-08-21 14:03:30,set,n4,487,28.3,50.9,ok
2026-08-21 14:04:00,set,n1,488,29.7,49.1,ok
2026-08-21 14:04:00,set,n2,488,26.8,54.6,ok
2026-08-21 14:04:00,set,n3,488,27.9,51.9,ok
2026-08-21 14:04:00,set,n4,488,28.3,50.9,ok
2026-08-21 14:04:30,set,n1,489,29.7,49.0,ok
2026-08-21 14:04:30,set,n2,489,26.8,54.5,ok
2026-08-21 14:04:30,set,n3,489,27.8,51.9,ok
2026-08-21 14:04:30,set,n4,489,28.3,51.0,ok
2026-08-21 14:05:00,set,n1,490,29.7,49.0,ok
2026-08-21 14:05:00,set,n2,490,26.8,54.5,ok
2026-08-21 14:05:00,set,n3,490,27.8,51.9,ok
2026-08-21 14:05:00,set,n4,490,28.2,51.1,ok
2026-08-21 14:05:30,set,n1,491,29.7,48.9,ok
2026-08-21 14:05:30,set,n2,491,26.7,54.5,ok
2026-08-21 14:05:30,set,n3,491,27.8,52.0,ok
2026-08-21 14:05:30,set,n4,491,28.2,51.1,ok
2026-08-21 14:06:00,set,n1,492,29.7,48.9,ok
2026-08-21 14:06:00,set,n2,492,26.7,54.5,ok
2026-08-21 14:06:00,set,n3,492,27.8,52.0,ok
2026-08-21 14:06:00,set,n4,492,28.2,51.2,ok
2026-08-21 14:06:30,set,n1,493,29.8,48.8,ok
2026-08-21 14:06:30,set,n2,493,26.7,54.5,ok
2026-08-21 14:06:30,set,n3,493,27.7,52.1,ok
2026-08-21 14:06:30,set,n4,493,28.2,51.3,ok
2026-08-21 14:07:00,set,n1,494,29.7,48.8,ok
2026-08-21 14:07:00,set,n2,494,26.7,54.5,ok
2026-08-21 14:07:00,set,n3,494,27.7,52.1,ok
2026-08-21 14:07:00,set,n4,494,28.2,51.3,ok
2026-08-21 14:07:30,set,n1,495,29.8,48.8,ok
2026-08-21 14:07:30,set,n2,495,26.7,54.5,ok
2026-08-21 14:07:30,set,n3,495,27.7,52.2,ok
2026-08-21 14:07:30,set,n4,495,28.2,51.4,ok
2026-08-21 14:08:00,set,n1,496,29.7,48.7,ok
2026-08-21 14:08:00,set,n2,496,26.6,54.5,ok
2026-08-21 14:08:00,set,n3,496,27.6,52.2,ok
2026-08-21 14:08:00,set,n4,496,28.1,51.4,ok
2026-08-21 14:08:30,set,n1,497,29.7,48.7,ok
2026-08-21 14:08:30,set,n2,497,26.6,54.5,ok
2026-08-21 14:08:30,set,n3,497,27.6,52.3,ok
2026-08-21 14:08:30,set,n4,497,28.1,51.5,ok
2026-08-21 14:09:00,set,n1,498,29.7,48.7,ok
2026-08-21 14:09:00,set,n2,498,26.6,54.6,ok
2026-08-21 14:09:00,set,n3,498,27.6,52.3,ok
2026-08-21 14:09:00,set,n4,498,28.1,51.5,ok
2026-08-21 14:09:30,set,n1,499,29.7,48.7,ok
2026-08-21 14:09:30,set,n2,499,26.5,54.6,ok
2026-08-21 14:09:30,set,n3,499,27.6,52.4,ok
2026-08-21 14:09:30,set,n4,499,28.2,51.5,ok
2026-08-21 14:10:00,set,n1,500,29.7,48.7,ok
2026-08-21 14:10:00,set,n2,500,26.5,54.6,ok
2026-08-21 14:10:00,set,n3,500,27.5,52.4,ok
2026-08-21 14:10:00,set,n4,500,28.2,51.6,ok
2026-08-21 14:10:30,set,n1,501,29.7,48.7,ok
2026-08-21 14:10:30,set,n2,501,26.5,54.6,ok
2026-08-21 14:10:30,set,n3,501,27.5,52.5,ok
2026-08-21 14:10:30,set,n4,501,28.2,51.6,ok
2026-08-21 14:11:00,set,n1,502,29.6,48.7,ok
2026-08-21 14:11:00,set,n2,502,26.4,54.7,ok
2026-08-21 14:11:00,set,n3,502,27.5,52.5,ok
2026-08-21 14:11:00,set,n4,502,28.2,51.6,ok
2026-08-21 14:11:30,set,n1,503,29.6,48.7,ok
2026-08-21 14:11:30,set,n2,503,26.4,54.7,ok
2026-08-21 14:11:30,set,n3,503,27.5,52.5,ok
2026-08-21 14:11:30,set,n4,503,28.2,51.6,ok
2026-08-21 14:12:00,set,n1,504,29.6,48.7,ok
2026-08-21 14:12:00,set,n2,504,26.4,54.8,ok
2026-08-21 14:12:00,set,n3,504,27.5,52.6,ok
2026-08-21 14:12:00,set,n4,504,28.2,51.6,ok
2026-08-21 14:12:30,set,n1,505,29.5,48.8,ok
2026-08-21 14:12:30,set,n2,505,26.4,54.8,ok
2026-08-21 14:12:30,set,n3,505,27.5,52.6,ok
2026-08-21 14:12:30,set,n4,505,28.3,51.6,ok
2026-08-21 14:13:00,set,n1,506,29.5,48.8,ok
2026-08-21 14:13:00,set,n2,506,26.3,54.8,ok
2026-08-21 14:13:00,set,n3,506,27.5,52.6,ok
2026-08-21 14:13:00,set,n4,506,28.3,51.6,ok
2026-08-21 14:13:30,set,n1,507,29.5,48.8,ok
2026-08-21 14:13:30,set,n2,507,26.3,54.9,ok
2026-08-21 14:13:30,set,n3,507,27.5,52.6,ok
2026-08-21 14:13:30,set,n4,507,28.3,51.6,ok
2026-08-21 14:14:00,set,n1,508,29.4,48.8,ok
2026-08-21 14:14:00,set,n2,508,26.3,54.9,ok
2026-08-21 14:14:00,set,n3,508,27.6,52.7,ok
2026-08-21 14:14:00,set,n4,508,28.3,51.6,ok
2026-08-21 14:14:30,set,n1,509,29.4,48.9,ok
2026-08-21 14:14:30,set,n2,509,26.3,54.9,ok
2026-08-21 14:14:30,set,n3,509,27.6,52.7,ok
2026-08-21 14:14:30,set,n4,509,28.4,51.6,ok
2026-08-21 14:15:00,set,n1,510,29.4,48.9,ok
2026-08-21 14:15:00,set,n2,510,26.3,54.9,ok
2026-08-21 14:15:00,set,n3,510,27.6,52.7,ok
2026-08-21 14:15:00,set,n4,510,28.4,51.6,ok
2026-08-21 14:15:30,set,n1,511,29.4,48.9,ok
2026-08-21 14:15:30,set,n2,511,26.3,54.9,ok
2026-08-21 14:15:30,set,n3,511,27.6,52.7,ok
2026-08-21 14:15:30,set,n4,511,28.4,51.5,ok
2026-08-21 14:16:00,set,n1,512,29.3,48.9,ok
2026-08-21 14:16:00,set,n2,512,26.3,55.0,ok
2026-08-21 14:16:00,set,n3,512,27.6,52.7,ok
2026-08-21 14:16:00,set,n4,512,28.4,51.5,ok
2026-08-21 14:16:30,set,n1,513,29.3,48.9,ok
2026-08-21 14:16:30,set,n2,513,26.3,55.0,ok
2026-08-21 14:16:30,set,n3,513,27.7,52.7,ok
2026-08-21 14:16:30,set,n4,513,28.4,51.5,ok
2026-08-21 14:17:00,set,n1,514,29.3,49.0,ok
2026-08-21 14:17:00,set,n2,514,26.3,55.0,ok
2026-08-21 14:17:00,set,n3,514,27.7,52.7,ok
2026-08-21 14:17:00,set,n4,514,28.4,51.5,ok
2026-08-21 14:17:30,set,n1,515,29.3,49.0,ok
2026-08-21 14:17:30,set,n2,515,26.3,55.0,ok
2026-08-21 14:17:30,set,n3,515,27.7,52.6,ok
2026-08-21 14:17:30,set,n4,515,28.5,51.5,ok
2026-08-21 14:18:00,set,n1,516,29.3,49.0,ok
2026-08-21 14:18:00,set,n2,516,26.3,55.0,ok
2026-08-21 14:18:00,set,n3,516,27.7,52.7,ok
2026-08-21 14:18:00,set,n4,516,28.5,51.6,ok
2026-08-21 14:18:30,set,n1,517,29.3,49.0,ok
2026-08-21 14:18:30,set,n2,517,26.4,55.0,ok
2026-08-21 14:18:30,set,n3,517,27.8,52.6,ok
2026-08-21 14:18:30,set,n4,517,28.5,51.6,ok
2026-08-21 14:19:00,set,n1,518,29.3,49.0,ok
2026-08-21 14:19:00,set,n2,518,26.4,55.0,ok
2026-08-21 14:19:00,set,n3,518,27.8,52.7,ok
2026-08-21 14:19:00,set,n4,518,28.5,51.6,ok
2026-08-21 14:19:30,set,n1,519,29.3,49.0,ok
2026-08-21 14:19:30,set,n2,519,26.4,54.9,ok
2026-08-21 14:19:30,set,n3,519,27.8,52.6,ok
2026-08-21 14:19:30,set,n4,519,28.5,51.6,ok
2026-08-21 14:20:00,set,n1,520,29.3,49.0,ok
2026-08-21 14:20:00,set,n2,520,26.4,54.9,ok
2026-08-21 14:20:00,set,n3,520,27.8,52.7,ok
2026-08-21 14:20:00,set,n4,520,28.4,51.6,ok
2026-08-21 14:20:30,set,n1,521,29.3,48.9,ok
2026-08-21 14:20:30,set,n2,521,26.5,54.9,ok
2026-08-21 14:20:30,set,n3,521,27.8,52.7,ok
2026-08-21 14:20:30,set,n4,521,28.4,51.6,ok
2026-08-21 14:21:00,set,n1,522,29.3,48.9,ok
2026-08-21 14:21:00,set,n2,522,26.5,54.9,ok
2026-08-21 14:21:00,set,n3,522,27.8,52.7,ok
2026-08-21 14:21:00,set,n4,522,28.4,51.7,ok
2026-08-21 14:21:30,set,n1,523,29.3,48.9,ok
2026-08-21 14:21:30,set,n2,523,26.5,54.9,ok
2026-08-21 14:21:30,set,n3,523,27.8,52.7,ok
2026-08-21 14:21:30,set,n4,523,28.4,51.7,ok
2026-08-21 14:22:00,set,n1,524,29.3,48.9,ok
2026-08-21 14:22:00,set,n2,524,26.5,54.9,ok
2026-08-21 14:22:00,set,n3,524,27.8,52.7,ok
2026-08-21 14:22:00,set,n4,524,28.4,51.7,ok
2026-08-21 14:22:30,set,n1,525,29.4,48.9,ok
2026-08-21 14:22:30,set,n2,525,26.5,54.9,ok
2026-08-21 14:22:30,set,n3,525,27.8,52.8,ok
2026-08-21 14:22:30,set,n4,525,28.3,51.8,ok
2026-08-21 14:23:00,set,n1,526,29.4,48.9,ok
2026-08-21 14:23:00,set,n2,526,26.6,54.9,ok
2026-08-21 14:23:00,set,n3,526,27.8,52.8,ok
2026-08-21 14:23:00,set,n4,526,28.3,51.8,ok
2026-08-21 14:23:30,set,n1,527,29.4,48.8,ok
2026-08-21 14:23:30,set,n2,527,26.6,54.9,ok
2026-08-21 14:23:30,set,n3,527,27.8,52.8,ok
2026-08-21 14:23:30,set,n4,527,28.3,51.9,ok
2026-08-21 14:24:00,set,n1,528,29.4,48.8,ok
2026-08-21 14:24:00,set,n2,528,26.6,55.0,ok
2026-08-21 14:24:00,set,n3,528,27.8,52.9,ok
2026-08-21 14:24:00,set,n4,528,28.2,51.9,ok
2026-08-21 14:24:30,set,n1,529,29.4,48.8,ok
2026-08-21 14:24:30,set,n2,529,26.6,55.0,ok
2026-08-21 14:24:30,set,n3,529,27.8,52.9,ok
2026-08-21 14:24:30,set,n4,529,28.2,51.9,ok
2026-08-21 14:25:00,set,n1,530,29.5,48.8,ok
2026-08-21 14:25:00,set,n2,530,26.6,55.0,ok
2026-08-21 14:25:00,set,n3,530,27.8,53.0,ok
2026-08-21 14:25:00,set,n4,530,28.2,52.0,ok
2026-08-21 14:25:30,set,n1,531,29.5,48.8,ok
2026-08-21 14:25:30,set,n2,531,26.6,55.1,ok
2026-08-21 14:25:30,set,n3,531,27.7,53.0,ok
2026-08-21 14:25:30,set,n4,531,28.1,52.0,ok
2026-08-21 14:26:00,set,n1,532,29.5,48.8,ok
2026-08-21 14:26:00,set,n2,532,26.6,55.1,ok
2026-08-21 14:26:00,set,n3,532,27.7,53.1,ok
2026-08-21 14:26:00,set,n4,532,28.1,52.0,ok
2026-08-21 14:26:30,set,n1,533,29.5,48.8,ok
2026-08-21 14:26:30,set,n2,533,26.6,55.2,ok
2026-08-21 14:26:30,set,n3,533,27.7,53.1,ok
2026-08-21 14:26:30,set,n4,533,28.1,52.0,ok
2026-08-21 14:27:00,set,n1,534,29.5,48.8,ok
2026-08-21 14:27:00,set,n2,534,26.6,55.2,ok
2026-08-21 14:27:00,set,n3,534,27.6,53.2,ok
2026-08-21 14:27:00,set,n4,534,28.1,52.0,ok
2026-08-21 14:27:30,set,n1,535,29.6,48.9,ok
2026-08-21 14:27:30,set,n2,535,26.6,55.3,ok
2026-08-21 14:27:30,set,n3,535,27.6,53.2,ok
2026-08-21 14:27:30,set,n4,535,28.0,52.0,ok
2026-08-21 14:28:00,set,n1,536,29.6,48.9,ok
2026-08-21 14:28:00,set,n2,536,26.5,55.3,ok
2026-08-21 14:28:00,set,n3,536,27.6,53.3,ok
2026-08-21 14:28:00,set,n4,536,28.0,52.0,ok
2026-08-21 14:28:30,set,n1,537,29.6,48.9,ok
2026-08-21 14:28:30,set,n2,537,26.5,55.4,ok
2026-08-21 14:28:30,set,n3,537,27.5,53.3,ok
2026-08-21 14:28:30,set,n4,537,28.0,52.0,ok
2026-08-21 14:29:00,set,n1,538,29.6,49.0,ok
2026-08-21 14:29:00,set,n2,538,26.5,55.5,ok
2026-08-21 14:29:00,set,n3,538,27.5,53.4,ok
2026-08-21 14:29:00,set,n4,538,28.0,52.0,ok
2026-08-21 14:29:30,set,n1,539,29.6,49.0,ok
2026-08-21 14:29:30,set,n2,539,26.5,55.5,ok
2026-08-21 14:29:30,set,n3,539,27.5,53.4,ok
2026-08-21 14:29:30,set,n4,539,28.0,52.0,ok
2026-08-21 14:30:00,set,n1,540,29.6,49.1,ok
2026-08-21 14:30:00,set,n2,540,26.4,55.6,ok
2026-08-21 14:30:00,set,n3,540,27.4,53.4,ok
2026-08-21 14:30:00,set,n4,540,28.0,52.0,ok
2026-08-21 14:30:30,set,n1,541,29.6,49.1,ok
2026-08-21 14:30:30,set,n2,541,26.4,55.7,ok
2026-08-21 14:30:30,set,n3,541,27.4,53.5,ok
2026-08-21 14:30:30,set,n4,541,28.0,51.9,ok
2026-08-21 14:31:00,set,n1,542,29.5,49.2,ok
2026-08-21 14:31:00,set,n2,542,26.4,55.8,ok
2026-08-21 14:31:00,set,n3,542,27.4,53.5,ok
2026-08-21 14:31:00,set,n4,542,28.0,51.9,ok
2026-08-21 14:31:30,set,n1,543,29.5,49.3,ok
2026-08-21 14:31:30,set,n2,543,26.3,55.8,ok
2026-08-21 14:31:30,set,n3,543,27.4,53.5,ok
2026-08-21 14:31:30,set,n4,543,28.0,51.8,ok
2026-08-21 14:32:00,set,n1,544,29.5,49.4,ok
2026-08-21 14:32:00,set,n2,544,26.3,55.9,ok
2026-08-21 14:32:00,set,n3,544,27.4,53.5,ok
2026-08-21 14:32:00,set,n4,544,28.0,51.8,ok
2026-08-21 14:32:30,set,n1,545,29.5,49.4,ok
2026-08-21 14:32:30,set,n2,545,26.3,55.9,ok
2026-08-21 14:32:30,set,n3,545,27.3,53.4,ok
2026-08-21 14:32:30,set,n4,545,28.0,51.7,ok
2026-08-21 14:33:00,set,n1,546,29.4,49.5,ok
2026-08-21 14:33:00,set,n2,546,26.2,56.0,ok
2026-08-21 14:33:00,set,n3,546,27.3,53.4,ok
2026-08-21 14:33:00,set,n4,546,28.0,51.6,ok
2026-08-21 14:33:30,set,n1,547,29.4,49.6,ok
2026-08-21 14:33:30,set,n2,547,26.2,56.0,ok
2026-08-21 14:33:30,set,n3,547,27.3,53.4,ok
2026-08-21 14:33:30,set,n4,547,28.0,51.6,ok
2026-08-21 14:34:00,set,n1,548,29.4,49.7,ok
2026-08-21 14:34:00,set,n2,548,26.2,56.1,ok
2026-08-21 14:34:00,set,n3,548,27.3,53.4,ok
2026-08-21 14:34:00,set,n4,548,28.0,51.5,ok
2026-08-21 14:34:30,set,n1,549,29.3,49.8,ok
2026-08-21 14:34:30,set,n2,549,26.2,56.1,ok
2026-08-21 14:34:30,set,n3,549,27.3,53.3,ok
2026-08-21 14:34:30,set,n4,549,28.1,51.4,ok
2026-08-21 14:35:00,set,n1,550,29.3,49.9,ok
2026-08-21 14:35:00,set,n2,550,26.1,56.1,ok
2026-08-21 14:35:00,set,n3,550,27.3,53.3,ok
2026-08-21 14:35:00,set,n4,550,28.1,51.4,ok
2026-08-21 14:35:30,set,n1,551,29.3,49.9,ok
2026-08-21 14:35:30,set,n2,551,26.1,56.1,ok
2026-08-21 14:35:30,set,n3,551,27.3,53.2,ok
2026-08-21 14:35:30,set,n4,551,28.1,51.3,ok
2026-08-21 14:36:00,set,n1,552,29.2,50.0,ok
2026-08-21 14:36:00,set,n2,552,26.1,56.1,ok
2026-08-21 14:36:00,set,n3,552,27.4,53.1,ok
2026-08-21 14:36:00,set,n4,552,28.1,51.2,ok
2026-08-21 14:36:30,set,n1,553,29.2,50.1,ok
2026-08-21 14:36:30,set,n2,553,26.1,56.1,ok
2026-08-21 14:36:30,set,n3,553,27.4,53.0,ok
2026-08-21 14:36:30,set,n4,553,28.2,51.2,ok
2026-08-21 14:37:00,set,n1,554,29.2,50.1,ok
2026-08-21 14:37:00,set,n2,554,26.1,56.0,ok
2026-08-21 14:37:00,set,n3,554,27.4,53.0,ok
2026-08-21 14:37:00,set,n4,554,28.2,51.1,ok
2026-08-21 14:37:30,set,n1,555,29.2,50.2,ok
2026-08-21 14:37:30,set,n2,555,26.1,56.0,ok
2026-08-21 14:37:30,set,n3,555,27.4,52.9,ok
2026-08-21 14:37:30,set,n4,555,28.2,51.1,ok
2026-08-21 14:38:00,set,n1,556,29.1,50.2,ok
2026-08-21 14:38:00,set,n2,556,26.1,56.0,ok
2026-08-21 14:38:00,set,n3,556,27.4,52.8,ok
2026-08-21 14:38:00,set,n4,556,28.2,51.1,ok
2026-08-21 14:38:30,set,n1,557,29.1,50.2,ok
2026-08-21 14:38:30,set,n2,557,26.1,55.9,ok
2026-08-21 14:38:30,set,n3,557,27.5,52.7,ok
2026-08-21 14:38:30,set,n4,557,28.2,51.0,ok
2026-08-21 14:39:00,set,n1,558,29.1,50.3,ok
2026-08-21 14:39:00,set,n2,558,26.1,55.8,ok
2026-08-21 14:39:00,set,n3,558,27.5,52.6,ok
2026-08-21 14:39:00,set,n4,558,28.2,51.0,ok
2026-08-21 14:39:30,set,n1,559,29.1,50.3,ok
2026-08-21 14:39:30,set,n2,559,26.1,55.8,ok
2026-08-21 14:39:30,set,n3,559,27.5,52.6,ok
2026-08-21 14:39:30,set,n4,559,28.3,51.0,ok
2026-08-21 14:40:00,set,n1,560,29.1,50.3,ok
2026-08-21 14:40:00,set,n2,560,26.1,55.7,ok
2026-08-21 14:40:00,set,n3,560,27.5,52.5,ok
2026-08-21 14:40:00,set,n4,560,28.3,51.0,ok
2026-08-21 14:40:30,set,n1,561,29.1,50.2,ok
2026-08-21 14:40:30,set,n2,561,26.2,55.6,ok
2026-08-21 14:40:30,set,n3,561,27.6,52.4,ok
2026-08-21 14:40:30,set,n4,561,28.3,51.1,ok
2026-08-21 14:41:00,set,n1,562,29.1,50.2,ok
2026-08-21 14:41:00,set,n2,562,26.2,55.5,ok
2026-08-21 14:41:00,set,n3,562,27.6,52.4,ok
2026-08-21 14:41:00,set,n4,562,28.3,51.1,ok
2026-08-21 14:41:30,set,n1,563,29.1,50.2,ok
2026-08-21 14:41:30,set,n2,563,26.2,55.4,ok
2026-08-21 14:41:30,set,n3,563,27.6,52.3,ok
2026-08-21 14:41:30,set,n4,563,28.3,51.1,ok
2026-08-21 14:42:00,set,n1,564,29.1,50.1,ok
2026-08-21 14:42:00,set,n2,564,26.2,55.3,ok
2026-08-21 14:42:00,set,n3,564,27.6,52.3,ok
2026-08-21 14:42:00,set,n4,564,28.2,51.2,ok
2026-08-21 14:42:30,set,n1,565,29.1,50.1,ok
2026-08-21 14:42:30,set,n2,565,26.3,55.2,ok
2026-08-21 14:42:30,set,n3,565,27.6,52.3,ok
2026-08-21 14:42:30,set,n4,565,28.2,51.3,ok
2026-08-21 14:43:00,set,n1,566,29.1,50.0,ok
2026-08-21 14:43:00,set,n2,566,26.3,55.2,ok
2026-08-21 14:43:00,set,n3,566,27.6,52.3,ok
2026-08-21 14:43:00,set,n4,566,28.2,51.4,ok
2026-08-21 14:43:30,set,n1,567,29.1,49.9,ok
2026-08-21 14:43:30,set,n2,567,26.3,55.1,ok
2026-08-21 14:43:30,set,n3,567,27.6,52.2,ok
2026-08-21 14:43:30,set,n4,567,28.2,51.4,ok
2026-08-21 14:44:00,set,n1,568,29.1,49.9,ok
2026-08-21 14:44:00,set,n2,568,26.3,55.0,ok
2026-08-21 14:44:00,set,n3,568,27.6,52.3,ok
2026-08-21 14:44:00,set,n4,568,28.1,51.5,ok
2026-08-21 14:44:30,set,n1,569,29.1,49.8,ok
2026-08-21 14:44:30,set,n2,569,26.3,54.9,ok
2026-08-21 14:44:30,set,n3,569,27.6,52.3,ok
2026-08-21 14:44:30,set,n4,569,28.1,51.6,ok
2026-08-21 14:45:00,set,n1,570,29.2,49.7,ok
2026-08-21 14:45:00,set,n2,570,26.3,54.9,ok
2026-08-21 14:45:00,set,n3,570,27.6,52.3,ok
2026-08-21 14:45:00,set,n4,570,28.1,51.7,ok
2026-08-21 14:45:30,set,n1,571,29.2,49.6,ok
2026-08-21 14:45:30,set,n2,571,26.4,54.8,ok
2026-08-21 14:45:30,set,n3,571,27.6,52.4,ok
2026-08-21 14:45:30,set,n4,571,28.1,51.8,ok
2026-08-21 14:46:00,set,n1,572,29.2,49.5,ok
2026-08-21 14:46:00,set,n2,572,26.4,54.8,ok
2026-08-21 14:46:00,set,n3,572,27.6,52.4,ok
2026-08-21 14:46:00,set,n4,572,28.0,52.0,ok
2026-08-21 14:46:30,set,n1,573,29.2,49.4,ok
2026-08-21 14:46:30,set,n2,573,26.4,54.8,ok
2026-08-21 14:46:30,set,n3,573,27.6,52.5,ok
2026-08-21 14:46:30,set,n4,573,28.0,52.1,ok
2026-08-21 14:47:00,set,n1,574,29.3,49.3,ok
2026-08-21 14:47:00,set,n2,574,26.4,54.7,ok
2026-08-21 14:47:00,set,n3,574,27.5,52.6,ok
2026-08-21 14:47:00,set,n4,574,28.0,52.2,ok
2026-08-21 14:47:30,set,n1,575,29.3,49.2,ok
2026-08-21 14:47:30,set,n2,575,26.4,54.7,ok
2026-08-21 14:47:30,set,n3,575,27.5,52.6,ok
2026-08-21 14:47:30,set,n4,575,27.9,52.3,ok
2026-08-21 14:48:00,set,n1,576,29.3,49.2,ok
2026-08-21 14:48:00,set,n2,576,26.4,54.7,ok
2026-08-21 14:48:00,set,n3,576,27.5,52.7,ok
2026-08-21 14:48:00,set,n4,576,27.9,52.4,ok
2026-08-21 14:48:30,set,n1,577,29.3,49.1,ok
2026-08-21 14:48:30,set,n2,577,26.4,54.7,ok
2026-08-21 14:48:30,set,n3,577,27.5,52.8,ok
2026-08-21 14:48:30,set,n4,577,27.9,52.5,ok
2026-08-21 14:49:00,set,n1,578,29.3,49.0,ok
2026-08-21 14:49:00,set,n2,578,26.4,54.8,ok
2026-08-21 14:49:00,set,n3,578,27.4,52.9,ok
2026-08-21 14:49:00,set,n4,578,27.8,52.6,ok
2026-08-21 14:49:30,set,n1,579,29.3,49.0,ok
2026-08-21 14:49:30,set,n2,579,26.4,54.8,ok
2026-08-21 14:49:30,set,n3,579,27.4,53.0,ok
2026-08-21 14:49:30,set,n4,579,27.8,52.7,ok
2026-08-21 14:50:00,set,n1,580,29.3,48.9,ok
2026-08-21 14:50:00,set,n2,580,26.3,54.9,ok
2026-08-21 14:50:00,set,n3,580,27.4,53.2,ok
2026-08-21 14:50:00,set,n4,580,27.8,52.8,ok
2026-08-21 14:50:30,set,n1,581,29.4,48.9,ok
2026-08-21 14:50:30,set,n2,581,26.3,54.9,ok
2026-08-21 14:50:30,set,n3,581,27.3,53.3,ok
2026-08-21 14:50:30,set,n4,581,27.8,52.8,ok
2026-08-21 14:51:00,set,n1,582,29.3,48.9,ok
2026-08-21 14:51:00,set,n2,582,26.3,55.0,ok
2026-08-21 14:51:00,set,n3,582,27.3,53.4,ok
2026-08-21 14:51:00,set,n4,582,27.8,52.9,ok
2026-08-21 14:51:30,set,n1,583,29.3,48.8,ok
2026-08-21 14:51:30,set,n2,583,26.3,55.1,ok
2026-08-21 14:51:30,set,n3,583,27.3,53.5,ok
2026-08-21 14:51:30,set,n4,583,27.8,52.9,ok
2026-08-21 14:52:00,set,n1,584,29.3,48.9,ok
2026-08-21 14:52:00,set,n2,584,26.2,55.2,ok
2026-08-21 14:52:00,set,n3,584,27.2,53.6,ok
2026-08-21 14:52:00,set,n4,584,27.7,53.0,ok
2026-08-21 14:52:30,set,n1,585,29.3,48.9,ok
2026-08-21 14:52:30,set,n2,585,26.2,55.3,ok
2026-08-21 14:52:30,set,n3,585,27.2,53.7,ok
2026-08-21 14:52:30,set,n4,585,27.7,53.0,ok
2026-08-21 14:53:00,set,n1,586,29.3,48.9,ok
2026-08-21 14:53:00,set,n2,586,26.1,55.4,ok
2026-08-21 14:53:00,set,n3,586,27.2,53.8,ok
2026-08-21 14:53:00,set,n4,586,27.7,53.0,ok
2026-08-21 14:53:30,set,n1,587,29.3,48.9,ok
2026-08-21 14:53:30,set,n2,587,26.1,55.5,ok
2026-08-21 14:53:30,set,n3,587,27.2,53.9,ok
2026-08-21 14:53:30,set,n4,587,27.7,53.0,ok
2026-08-21 14:54:00,set,n1,588,29.3,49.0,ok
2026-08-21 14:54:00,set,n2,588,26.1,55.6,ok
2026-08-21 14:54:00,set,n3,588,27.1,54.0,ok
2026-08-21 14:54:00,set,n4,588,27.8,53.0,ok
2026-08-21 14:54:30,set,n1,589,29.2,49.0,ok
2026-08-21 14:54:30,set,n2,589,26.1,55.7,ok
2026-08-21 14:54:30,set,n3,589,27.1,54.0,ok
2026-08-21 14:54:30,set,n4,589,27.8,53.0,ok
2026-08-21 14:55:00,set,n1,590,29.2,49.1,ok
2026-08-21 14:55:00,set,n2,590,26.0,55.8,ok
2026-08-21 14:55:00,set,n3,590,27.1,54.1,ok
2026-08-21 14:55:00,set,n4,590,27.8,52.9,ok
2026-08-21 14:55:30,set,n1,591,29.2,49.2,ok
2026-08-21 14:55:30,set,n2,591,26.0,55.9,ok
2026-08-21 14:55:30,set,n3,591,27.1,54.1,ok
2026-08-21 14:55:30,set,n4,591,27.8,52.9,ok
2026-08-21 14:56:00,set,n1,592,29.1,49.3,ok
2026-08-21 14:56:00,set,n2,592,26.0,56.0,ok
2026-08-21 14:56:00,set,n3,592,27.1,54.2,ok
2026-08-21 14:56:00,set,n4,592,27.8,52.8,ok
2026-08-21 14:56:30,set,n1,593,29.1,49.3,ok
2026-08-21 14:56:30,set,n2,593,25.9,56.1,ok
2026-08-21 14:56:30,set,n3,593,27.1,54.2,ok
2026-08-21 14:56:30,set,n4,593,27.8,52.8,ok
2026-08-21 14:57:00,set,n1,594,29.1,49.4,ok
2026-08-21 14:57:00,set,n2,594,25.9,56.2,ok
2026-08-21 14:57:00,set,n3,594,27.1,54.2,ok
2026-08-21 14:57:00,set,n4,594,27.9,52.7,ok
2026-08-21 14:57:30,set,n1,595,29.0,49.5,ok
2026-08-21 14:57:30,set,n2,595,25.9,56.3,ok
2026-08-21 14:57:30,set,n3,595,27.1,54.2,ok
2026-08-21 14:57:30,set,n4,595,27.9,52.6,ok
2026-08-21 14:58:00,set,n1,596,29.0,49.6,ok
2026-08-21 14:58:00,set,n2,596,25.9,56.3,ok
2026-08-21 14:58:00,set,n3,596,27.1,54.2,ok
2026-08-21 14:58:00,set,n4,596,27.9,52.6,ok
2026-08-21 14:58:30,set,n1,597,29.0,49.7,ok
2026-08-21 14:58:30,set,n2,597,25.9,56.4,ok
2026-08-21 14:58:30,set,n3,597,27.1,54.2,ok
2026-08-21 14:58:30,set,n4,597,27.9,52.5,ok
2026-08-21 14:59:00,set,n1,598,28.9,49.8,ok
2026-08-21 14:59:00,set,n2,598,25.9,56.5,ok
2026-08-21 14:59:00,set,n3,598,27.2,54.2,ok
2026-08-21 14:59:00,set,n4,598,28.0,52.4,ok
2026-08-21 14:59:30,set,n1,599,28.9,49.9,ok
2026-08-21 14:59:30,set,n2,599,25.9,56.5,ok
2026-08-21 14:59:30,set,n3,599,,,sensor_err
2026-08-21 14:59:30,set,n4,599,28.0,52.4,ok
2026-08-21 15:00:00,set,n1,600,28.9,50.0,ok
2026-08-21 15:00:00,set,n2,600,25.9,56.5,ok
2026-08-21 15:00:00,set,n3,600,27.2,54.1,ok
2026-08-21 15:00:00,set,n4,600,28.0,52.3,ok
2026-08-21 15:00:30,set,n1,601,28.9,50.1,ok
2026-08-21 15:00:30,set,n2,601,25.9,56.6,ok
2026-08-21 15:00:30,set,n3,601,27.2,54.0,ok
2026-08-21 15:00:30,set,n4,601,28.0,52.2,ok
2026-08-21 15:01:00,set,n1,602,28.9,50.2,ok
2026-08-21 15:01:00,set,n2,602,25.9,56.6,ok
2026-08-21 15:01:00,set,n3,602,27.2,54.0,ok
2026-08-21 15:01:00,set,n4,602,28.0,52.2,ok
2026-08-21 15:01:30,set,n1,603,28.8,50.2,ok
2026-08-21 15:01:30,set,n2,603,25.9,56.6,ok
2026-08-21 15:01:30,set,n3,603,27.3,53.9,ok
2026-08-21 15:01:30,set,n4,603,28.0,52.1,ok
2026-08-21 15:02:00,set,n1,604,28.8,50.3,ok
2026-08-21 15:02:00,set,n2,604,25.9,56.6,ok
2026-08-21 15:02:00,set,n3,604,27.3,53.9,ok
2026-08-21 15:02:00,set,n4,604,28.0,52.1,ok
2026-08-21 15:02:30,set,n1,605,28.8,50.4,ok
2026-08-21 15:02:30,set,n2,605,25.9,56.6,ok
2026-08-21 15:02:30,set,n3,605,27.3,53.8,ok
2026-08-21 15:02:30,set,n4,605,28.0,52.0,ok
2026-08-21 15:03:00,set,n1,606,28.8,50.4,ok
2026-08-21 15:03:00,set,n2,606,25.9,56.6,ok
2026-08-21 15:03:00,set,n3,606,27.3,53.8,ok
2026-08-21 15:03:00,set,n4,606,28.0,52.0,ok
2026-08-21 15:03:30,set,n1,607,28.8,50.4,ok
2026-08-21 15:03:30,set,n2,607,26.0,56.5,ok
2026-08-21 15:03:30,set,n3,607,27.4,53.7,ok
2026-08-21 15:03:30,set,n4,607,28.0,51.9,ok
2026-08-21 15:04:00,set,n1,608,28.8,50.5,ok
2026-08-21 15:04:00,set,n2,608,26.0,56.5,ok
2026-08-21 15:04:00,set,n3,608,27.4,53.7,ok
2026-08-21 15:04:00,set,n4,608,28.0,51.9,ok
2026-08-21 15:04:30,set,n1,609,28.8,50.5,ok
2026-08-21 15:04:30,set,n2,609,26.0,56.5,ok
2026-08-21 15:04:30,set,n3,609,27.4,53.6,ok
2026-08-21 15:04:30,set,n4,609,28.0,51.9,ok
2026-08-21 15:05:00,set,n1,610,28.8,50.5,ok
2026-08-21 15:05:00,set,n2,610,26.0,56.4,ok
2026-08-21 15:05:00,set,n3,610,27.4,53.6,ok
2026-08-21 15:05:00,set,n4,610,28.0,51.9,ok
2026-08-21 15:05:30,set,n1,611,28.9,50.5,ok
2026-08-21 15:05:30,set,n2,611,26.1,56.4,ok
2026-08-21 15:05:30,set,n3,611,27.4,53.5,ok
2026-08-21 15:05:30,set,n4,611,27.9,51.9,ok
2026-08-21 15:06:00,set,n1,612,28.9,50.5,ok
2026-08-21 15:06:00,set,n2,612,26.1,56.4,ok
2026-08-21 15:06:00,set,n3,612,27.4,53.5,ok
2026-08-21 15:06:00,set,n4,612,27.9,51.9,ok
2026-08-21 15:06:30,set,n1,613,28.9,50.5,ok
2026-08-21 15:06:30,set,n2,613,26.1,56.3,ok
2026-08-21 15:06:30,set,n3,613,27.4,53.4,ok
2026-08-21 15:06:30,set,n4,613,27.9,51.9,ok
2026-08-21 15:07:00,set,n1,614,28.9,50.5,ok
2026-08-21 15:07:00,set,n2,614,26.1,56.3,ok
2026-08-21 15:07:00,set,n3,614,27.4,53.4,ok
2026-08-21 15:07:00,set,n4,614,27.8,52.0,ok
2026-08-21 15:07:30,set,n1,615,28.9,50.5,ok
2026-08-21 15:07:30,set,n2,615,26.1,56.2,ok
2026-08-21 15:07:30,set,n3,615,27.4,53.4,ok
2026-08-21 15:07:30,set,n4,615,27.8,52.0,ok
2026-08-21 15:08:00,set,n1,616,29.0,50.5,ok
2026-08-21 15:08:00,set,n2,616,26.1,56.2,ok
2026-08-21 15:08:00,set,n3,616,27.3,53.4,ok
2026-08-21 15:08:00,set,n4,616,27.8,52.1,ok
2026-08-21 15:08:30,set,n1,617,29.0,50.5,ok
2026-08-21 15:08:30,set,n2,617,26.1,56.1,ok
2026-08-21 15:08:30,set,n3,617,27.3,53.4,ok
2026-08-21 15:08:30,set,n4,617,27.8,52.1,ok
2026-08-21 15:09:00,set,n1,618,29.0,50.4,ok
2026-08-21 15:09:00,set,n2,618,26.1,56.1,ok
2026-08-21 15:09:00,set,n3,618,27.3,53.4,ok
2026-08-21 15:09:00,set,n4,618,27.7,52.1,ok
2026-08-21 15:09:30,set,n1,619,29.0,50.4,ok
2026-08-21 15:09:30,set,n2,619,26.1,56.1,ok
2026-08-21 15:09:30,set,n3,619,27.3,53.4,ok
2026-08-21 15:09:30,set,n4,619,27.7,52.2,ok
2026-08-21 15:10:00,set,n1,620,29.0,50.4,ok
2026-08-21 15:10:00,set,n2,620,26.1,56.1,ok
2026-08-21 15:10:00,set,n3,620,27.2,53.4,ok
2026-08-21 15:10:00,set,n4,620,27.6,52.2,ok
2026-08-21 15:10:30,set,n1,621,29.1,50.4,ok
2026-08-21 15:10:30,set,n2,621,26.1,56.0,ok
2026-08-21 15:10:30,set,n3,621,27.2,53.4,ok
2026-08-21 15:10:30,set,n4,621,27.6,52.3,ok
2026-08-21 15:11:00,set,n1,622,29.1,50.3,ok
2026-08-21 15:11:00,set,n2,622,26.1,56.0,ok
2026-08-21 15:11:00,set,n3,622,27.2,53.5,ok
2026-08-21 15:11:00,set,n4,622,27.6,52.3,ok
2026-08-21 15:11:30,set,n1,623,29.1,50.3,ok
2026-08-21 15:11:30,set,n2,623,26.1,56.0,ok
2026-08-21 15:11:30,set,n3,623,27.1,53.5,ok
2026-08-21 15:11:30,set,n4,623,27.6,52.4,ok
2026-08-21 15:12:00,set,n1,624,29.1,50.3,ok
2026-08-21 15:12:00,set,n2,624,26.1,56.0,ok
2026-08-21 15:12:00,set,n3,624,27.1,53.5,ok
2026-08-21 15:12:00,set,n4,624,27.5,52.4,ok
2026-08-21 15:12:30,set,n1,625,29.1,50.3,ok
2026-08-21 15:12:30,set,n2,625,26.1,56.0,ok
2026-08-21 15:12:30,set,n3,625,27.1,53.5,ok
2026-08-21 15:12:30,set,n4,625,27.5,52.5,ok
2026-08-21 15:13:00,set,n1,626,29.1,50.3,ok
2026-08-21 15:13:00,set,n2,626,26.0,56.1,ok
2026-08-21 15:13:00,set,n3,626,27.0,53.6,ok
2026-08-21 15:13:00,set,n4,626,27.5,52.5,ok
2026-08-21 15:13:30,set,n1,627,29.1,50.3,ok
2026-08-21 15:13:30,set,n2,627,26.0,56.1,ok
2026-08-21 15:13:30,set,n3,627,27.0,53.6,ok
2026-08-21 15:13:30,set,n4,627,27.5,52.5,ok
2026-08-21 15:14:00,set,n1,628,29.1,50.3,ok
2026-08-21 15:14:00,set,n2,628,26.0,56.1,ok
2026-08-21 15:14:00,set,n3,628,27.0,53.6,ok
2026-08-21 15:14:00,set,n4,628,27.5,52.6,ok
2026-08-21 15:14:30,set,n1,629,29.1,50.3,ok
2026-08-21 15:14:30,set,n2,629,25.9,56.1,ok
2026-08-21 15:14:30,set,n3,629,26.9,53.7,ok
2026-08-21 15:14:30,set,n4,629,27.5,52.6,ok
2026-08-21 15:15:00,set,n1,630,29.1,50.3,ok
2026-08-21 15:15:00,set,n2,630,25.9,56.1,ok
2026-08-21 15:15:00,set,n3,630,26.9,53.7,ok
2026-08-21 15:15:00,set,n4,630,27.5,52.6,ok
2026-08-21 15:15:30,set,n1,631,29.0,50.3,ok
2026-08-21 15:15:30,set,n2,631,25.9,56.1,ok
2026-08-21 15:15:30,set,n3,631,26.9,53.7,ok
2026-08-21 15:15:30,set,n4,631,27.5,52.6,ok
2026-08-21 15:16:00,set,n1,632,29.0,50.3,ok
2026-08-21 15:16:00,set,n2,632,25.8,56.2,ok
2026-08-21 15:16:00,set,n3,632,26.9,53.8,ok
2026-08-21 15:16:00,set,n4,632,27.5,52.6,ok
2026-08-21 15:16:30,set,n1,633,29.0,50.3,ok
2026-08-21 15:16:30,set,n2,633,25.8,56.2,ok
2026-08-21 15:16:30,set,n3,633,26.9,53.8,ok
2026-08-21 15:16:30,set,n4,633,27.5,52.6,ok
2026-08-21 15:17:00,set,n1,634,29.0,50.3,ok
2026-08-21 15:17:00,set,n2,634,25.8,56.2,ok
2026-08-21 15:17:00,set,n3,634,26.9,53.8,ok
2026-08-21 15:17:00,set,n4,634,27.5,52.7,ok
2026-08-21 15:17:30,set,n1,635,28.9,50.3,ok
2026-08-21 15:17:30,set,n2,635,25.7,56.2,ok
2026-08-21 15:17:30,set,n3,635,26.8,53.8,ok
2026-08-21 15:17:30,set,n4,635,27.5,52.6,ok
2026-08-21 15:18:00,set,n1,636,28.9,50.4,ok
2026-08-21 15:18:00,set,n2,636,25.7,56.3,ok
2026-08-21 15:18:00,set,n3,636,26.8,53.8,ok
2026-08-21 15:18:00,set,n4,636,27.6,52.7,ok
2026-08-21 15:18:30,set,n1,637,28.9,50.4,ok
2026-08-21 15:18:30,set,n2,637,25.7,56.3,ok
2026-08-21 15:18:30,set,n3,637,26.8,53.8,ok
2026-08-21 15:18:30,set,n4,637,27.6,52.7,ok
2026-08-21 15:19:00,set,n1,638,28.8,50.4,ok
2026-08-21 15:19:00,set,n2,638,25.7,56.3,ok
2026-08-21 15:19:00,set,n3,638,26.8,53.8,ok
2026-08-21 15:19:00,set,n4,638,27.6,52.7,ok
2026-08-21 15:19:30,set,n1,639,28.8,50.4,ok
2026-08-21 15:19:30,set,n2,639,25.6,56.3,ok
2026-08-21 15:19:30,set,n3,639,26.9,53.8,ok
2026-08-21 15:19:30,set,n4,639,27.6,52.6,ok
2026-08-21 15:20:00,set,n1,640,28.7,50.5,ok
2026-08-21 15:20:00,set,n2,640,25.6,56.3,ok
2026-08-21 15:20:00,set,n3,640,26.9,53.8,ok
2026-08-21 15:20:00,set,n4,640,27.6,52.7,ok
2026-08-21 15:20:30,set,n1,641,28.7,50.5,ok
2026-08-21 15:20:30,set,n2,641,25.6,56.3,ok
2026-08-21 15:20:30,set,n3,641,26.9,53.8,ok
2026-08-21 15:20:30,set,n4,641,27.7,52.7,ok
2026-08-21 15:21:00,set,n1,642,28.7,50.5,ok
2026-08-21 15:21:00,set,n2,642,25.6,56.3,ok
2026-08-21 15:21:00,set,n3,642,26.9,53.8,ok
2026-08-21 15:21:00,set,n4,642,27.7,52.7,ok
2026-08-21 15:21:30,set,n1,643,28.7,50.5,ok
2026-08-21 15:21:30,set,n2,643,25.6,56.3,ok
2026-08-21 15:21:30,set,n3,643,26.9,53.8,ok
2026-08-21 15:21:30,set,n4,643,27.7,52.7,ok
2026-08-21 15:22:00,set,n1,644,28.6,50.5,ok
2026-08-21 15:22:00,set,n2,644,25.6,56.3,ok
2026-08-21 15:22:00,set,n3,644,26.9,53.8,ok
2026-08-21 15:22:00,set,n4,644,27.7,52.7,ok
2026-08-21 15:22:30,set,n1,645,28.6,50.5,ok
2026-08-21 15:22:30,set,n2,645,25.6,56.3,ok
2026-08-21 15:22:30,set,n3,645,27.0,53.8,ok
2026-08-21 15:22:30,set,n4,645,27.7,52.7,ok
2026-08-21 15:23:00,set,n1,646,28.6,50.5,ok
2026-08-21 15:23:00,set,n2,646,25.6,56.3,ok
2026-08-21 15:23:00,set,n3,646,27.0,53.8,ok
2026-08-21 15:23:00,set,n4,646,27.7,52.7,ok
2026-08-21 15:23:30,set,n1,647,28.6,50.5,ok
2026-08-21 15:23:30,set,n2,647,25.6,56.2,ok
2026-08-21 15:23:30,set,n3,647,27.0,53.8,ok
2026-08-21 15:23:30,set,n4,647,27.8,52.7,ok
2026-08-21 15:24:00,set,n1,648,28.6,50.5,ok
2026-08-21 15:24:00,set,n2,648,25.6,56.2,ok
2026-08-21 15:24:00,set,n3,648,27.0,53.8,ok
2026-08-21 15:24:00,set,n4,648,27.8,52.8,ok
2026-08-21 15:24:30,set,n1,649,28.6,50.5,ok
2026-08-21 15:24:30,set,n2,649,25.7,56.2,ok
2026-08-21 15:24:30,set,n3,649,27.1,53.8,ok
2026-08-21 15:24:30,set,n4,649,27.8,52.8,ok
2026-08-21 15:25:00,set,n1,650,28.6,50.5,ok
2026-08-21 15:25:00,set,n2,650,25.7,56.2,ok
2026-08-21 15:25:00,set,n3,650,27.1,53.8,ok
2026-08-21 15:25:00,set,n4,650,27.8,52.9,ok
2026-08-21 15:25:30,set,n1,651,28.6,50.4,ok
2026-08-21 15:25:30,set,n2,651,25.7,56.2,ok
2026-08-21 15:25:30,set,n3,651,27.1,53.8,ok
2026-08-21 15:25:30,set,n4,651,27.7,52.9,ok
2026-08-21 15:26:00,set,n1,652,28.6,50.4,ok
2026-08-21 15:26:00,set,n2,652,25.7,56.1,ok
2026-08-21 15:26:00,set,n3,652,27.1,53.8,ok
2026-08-21 15:26:00,set,n4,652,27.7,53.0,ok
2026-08-21 15:26:30,set,n1,653,28.6,50.4,ok
2026-08-21 15:26:30,set,n2,653,25.7,56.1,ok
2026-08-21 15:26:30,set,n3,653,27.1,53.8,ok
2026-08-21 15:26:30,set,n4,653,27.7,53.0,ok
2026-08-21 15:27:00,set,n1,654,28.6,50.4,ok
2026-08-21 15:27:00,set,n2,654,25.8,56.1,ok
2026-08-21 15:27:00,set,n3,654,27.1,53.9,ok
2026-08-21 15:27:00,set,n4,654,27.7,53.1,ok
2026-08-21 15:27:30,set,n1,655,28.6,50.3,ok
2026-08-21 15:27:30,set,n2,655,25.8,56.1,ok
2026-08-21 15:27:30,set,n3,655,27.1,53.9,ok
2026-08-21 15:27:30,set,n4,655,27.7,53.1,ok
2026-08-21 15:28:00,set,n1,656,28.6,50.3,ok
2026-08-21 15:28:00,set,n2,656,25.8,56.1,ok
2026-08-21 15:28:00,set,n3,656,27.1,54.0,ok
2026-08-21 15:28:00,set,n4,656,27.6,53.2,ok
2026-08-21 15:28:30,set,n1,657,28.6,50.2,ok
2026-08-21 15:28:30,set,n2,657,25.8,56.1,ok
2026-08-21 15:28:30,set,n3,657,27.1,54.0,ok
2026-08-21 15:28:30,set,n4,657,27.6,53.3,ok
2026-08-21 15:29:00,set,n1,658,28.7,50.2,ok
2026-08-21 15:29:00,set,n2,658,25.8,56.1,ok
2026-08-21 15:29:00,set,n3,658,27.1,54.1,ok
2026-08-21 15:29:00,set,n4,658,27.6,53.3,ok
2026-08-21 15:29:30,set,n1,659,28.7,50.2,ok
2026-08-21 15:29:30,set,n2,659,25.9,56.1,ok
2026-08-21 15:29:30,set,n3,659,27.1,54.1,ok
2026-08-21 15:29:30,set,n4,659,27.5,53.4,ok
2026-08-21 15:30:00,set,n1,660,28.7,50.1,ok
2026-08-21 15:30:00,set,n2,660,25.9,56.1,ok
2026-08-21 15:30:00,set,n3,660,27.1,54.2,ok
2026-08-21 15:30:00,set,n4,660,27.5,53.5,ok
2026-08-21 15:30:30,set,n1,661,28.7,50.1,ok
2026-08-21 15:30:30,set,n2,661,25.9,56.2,ok
2026-08-21 15:30:30,set,n3,661,27.1,54.3,ok
2026-08-21 15:30:30,set,n4,661,27.5,53.5,ok
2026-08-21 15:31:00,set,n1,662,28.7,50.1,ok
2026-08-21 15:31:00,set,n2,662,25.9,56.2,ok
2026-08-21 15:31:00,set,n3,662,27.0,54.4,ok
2026-08-21 15:31:00,set,n4,662,27.4,53.6,ok
2026-08-21 15:31:30,set,n1,663,28.8,50.1,ok
2026-08-21 15:31:30,set,n2,663,25.9,56.3,ok
2026-08-21 15:31:30,set,n3,663,27.0,54.4,ok
2026-08-21 15:31:30,set,n4,663,27.4,53.6,ok
2026-08-21 15:32:00,set,n1,664,28.8,50.1,ok
2026-08-21 15:32:00,set,n2,664,25.9,56.3,ok
2026-08-21 15:32:00,set,n3,664,27.0,54.5,ok
2026-08-21 15:32:00,set,n4,664,27.4,53.7,ok
2026-08-21 15:32:30,set,n1,665,28.8,50.0,ok
2026-08-21 15:32:30,set,n2,665,25.9,56.4,ok
2026-08-21 15:32:30,set,n3,665,26.9,54.6,ok
2026-08-21 15:32:30,set,n4,665,27.3,53.7,ok
2026-08-21 15:33:00,set,n1,666,28.8,50.1,ok
2026-08-21 15:33:00,set,n2,666,25.8,56.5,ok
2026-08-21 15:33:00,set,n3,666,26.9,54.7,ok
2026-08-21 15:33:00,set,n4,666,27.3,53.8,ok
2026-08-21 15:33:30,set,n1,667,28.8,50.1,ok
2026-08-21 15:33:30,set,n2,667,25.8,56.5,ok
2026-08-21 15:33:30,set,n3,667,26.9,54.7,ok
2026-08-21 15:33:30,set,n4,667,27.3,53.8,ok
2026-08-21 15:34:00,set,n1,668,28.8,50.1,ok
2026-08-21 15:34:00,set,n2,668,25.8,56.6,ok
2026-08-21 15:34:00,set,n3,668,26.8,54.8,ok
2026-08-21 15:34:00,set,n4,668,27.3,53.8,ok
2026-08-21 15:34:30,set,n1,669,28.8,50.1,ok
2026-08-21 15:34:30,set,n2,669,25.8,56.7,ok
2026-08-21 15:34:30,set,n3,669,26.8,54.9,ok
2026-08-21 15:34:30,set,n4,669,27.3,53.8,ok
2026-08-21 15:35:00,set,n1,670,28.8,50.2,ok
2026-08-21 15:35:00,set,n2,670,25.7,56.8,ok
2026-08-21 15:35:00,set,n3,670,26.8,55.0,ok
2026-08-21 15:35:00,set,n4,670,27.2,53.8,ok
2026-08-21 15:35:30,set,n1,671,28.8,50.2,ok
2026-08-21 15:35:30,set,n2,671,25.7,56.9,ok
2026-08-21 15:35:30,set,n3,671,26.7,55.0,ok
2026-08-21 15:35:30,set,n4,671,27.2,53.7,ok
2026-08-21 15:36:00,set,n1,672,28.8,50.3,ok
2026-08-21 15:36:00,set,n2,672,25.7,57.0,ok
2026-08-21 15:36:00,set,n3,672,26.7,55.1,ok
2026-08-21 15:36:00,set,n4,672,27.2,53.7,ok
2026-08-21 15:36:30,set,n1,673,28.8,50.4,ok
2026-08-21 15:36:30,set,n2,673,25.7,57.1,ok
2026-08-21 15:36:30,set,n3,673,26.7,55.1,ok
2026-08-21 15:36:30,set,n4,673,27.2,53.7,ok
2026-08-21 15:37:00,set,n1,674,28.8,50.5,ok
2026-08-21 15:37:00,set,n2,674,25.6,57.2,ok
2026-08-21 15:37:00,set,n3,674,26.6,55.2,ok
2026-08-21 15:37:00,set,n4,674,27.2,53.6,ok
2026-08-21 15:37:30,set,n1,675,28.8,50.5,ok
2026-08-21 15:37:30,set,n2,675,25.6,57.3,ok
2026-08-21 15:37:30,set,n3,675,26.6,55.2,ok
2026-08-21 15:37:30,set,n4,675,27.2,53.6,ok
2026-08-21 15:38:00,set,n1,676,28.7,50.6,ok
2026-08-21 15:38:00,set,n2,676,25.6,57.4,ok
2026-08-21 15:38:00,set,n3,676,26.6,55.2,ok
2026-08-21 15:38:00,set,n4,676,27.2,53.5,ok
2026-08-21 15:38:30,set,n1,677,28.7,50.7,ok
2026-08-21 15:38:30,set,n2,677,25.5,57.4,ok
2026-08-21 15:38:30,set,n3,677,26.6,55.2,ok
2026-08-21 15:38:30,set,n4,677,27.2,53.4,ok
2026-08-21 15:39:00,set,n1,678,28.7,50.8,ok
2026-08-21 15:39:00,set,n2,678,25.5,57.5,ok
2026-08-21 15:39:00,set,n3,678,26.6,55.2,ok
2026-08-21 15:39:00,set,n4,678,27.2,53.4,ok
2026-08-21 15:39:30,set,n1,679,28.6,50.9,ok
2026-08-21 15:39:30,set,n2,679,25.5,57.6,ok
2026-08-21 15:39:30,set,n3,679,26.6,55.2,ok
2026-08-21 15:39:30,set,n4,679,27.3,53.3,ok
2026-08-21 15:40:00,set,n1,680,28.6,51.0,ok
2026-08-21 15:40:00,set,n2,680,25.4,57.7,ok
2026-08-21 15:40:00,set,n3,680,26.6,55.1,ok
2026-08-21 15:40:00,set,n4,680,27.3,53.2,ok
2026-08-21 15:40:30,set,n1,681,28.6,51.1,ok
2026-08-21 15:40:30,set,n2,681,25.4,57.7,ok
2026-08-21 15:40:30,set,n3,681,26.6,55.1,ok
2026-08-21 15:40:30,set,n4,681,27.3,53.1,ok
2026-08-21 15:41:00,set,n1,682,28.5,51.3,ok
2026-08-21 15:41:00,set,n2,682,25.4,57.7,ok
2026-08-21 15:41:00,set,n3,682,26.6,55.1,ok
2026-08-21 15:41:00,set,n4,682,27.3,53.1,ok
2026-08-21 15:41:30,set,n1,683,28.5,51.3,ok
2026-08-21 15:41:30,set,n2,683,25.4,57.8,ok
2026-08-21 15:41:30,set,n3,683,26.6,55.0,ok
2026-08-21 15:41:30,set,n4,683,27.4,53.0,ok
2026-08-21 15:42:00,set,n1,684,28.5,51.5,ok
2026-08-21 15:42:00,set,n2,684,25.3,57.8,ok
2026-08-21 15:42:00,set,n3,684,26.6,54.9,ok
2026-08-21 15:42:00,set,n4,684,27.4,52.9,ok
2026-08-21 15:42:30,set,n1,685,28.4,51.5,ok
2026-08-21 15:42:30,set,n2,685,25.3,57.8,ok
2026-08-21 15:42:30,set,n3,685,26.6,54.8,ok
2026-08-21 15:42:30,set,n4,685,27.4,52.8,ok
2026-08-21 15:43:00,set,n1,686,28.4,51.6,ok
2026-08-21 15:43:00,set,n2,686,25.3,57.8,ok
2026-08-21 15:43:00,set,n3,686,26.6,54.8,ok
2026-08-21 15:43:00,set,n4,686,27.4,52.8,ok
2026-08-21 15:43:30,set,n1,687,28.4,51.7,ok
2026-08-21 15:43:30,set,n2,687,25.3,57.8,ok
2026-08-21 15:43:30,set,n3,687,26.6,54.7,ok
2026-08-21 15:43:30,set,n4,687,27.4,52.7,ok
2026-08-21 15:44:00,set,n1,688,28.4,51.8,ok
2026-08-21 15:44:00,set,n2,688,25.3,57.7,ok
2026-08-21 15:44:00,set,n3,688,26.7,54.6,ok
2026-08-21 15:44:00,set,n4,688,27.4,52.7,ok
2026-08-21 15:44:30,set,n1,689,28.3,51.8,ok
2026-08-21 15:44:30,set,n2,689,25.3,57.7,ok
2026-08-21 15:44:30,set,n3,689,26.7,54.5,ok
2026-08-21 15:44:30,set,n4,689,27.5,52.6,ok
2026-08-21 15:45:00,set,n1,690,28.3,51.9,ok
2026-08-21 15:45:00,set,n2,690,25.3,57.6,ok
2026-08-21 15:45:00,set,n3,690,26.7,54.4,ok
2026-08-21 15:45:00,set,n4,690,27.5,52.6,ok
2026-08-21 15:45:30,set,n1,691,28.3,51.9,ok
2026-08-21 15:45:30,set,n2,691,25.4,57.6,ok
2026-08-21 15:45:30,set,n3,691,26.7,54.3,ok
2026-08-21 15:45:30,set,n4,691,27.5,52.5,ok
2026-08-21 15:46:00,set,n1,692,28.3,51.9,ok
2026-08-21 15:46:00,set,n2,692,25.4,57.5,ok
2026-08-21 15:46:00,set,n3,692,26.7,54.3,ok
2026-08-21 15:46:00,set,n4,692,27.5,52.5,ok
2026-08-21 15:46:30,set,n1,693,28.3,51.9,ok
2026-08-21 15:46:30,set,n2,693,25.4,57.4,ok
2026-08-21 15:46:30,set,n3,693,26.8,54.2,ok
2026-08-21 15:46:30,set,n4,693,27.5,52.5,ok
2026-08-21 15:47:00,set,n1,694,28.3,51.9,ok
2026-08-21 15:47:00,set,n2,694,25.4,57.4,ok
2026-08-21 15:47:00,set,n3,694,26.8,54.1,ok
2026-08-21 15:47:00,set,n4,694,27.5,52.6,ok
2026-08-21 15:47:30,set,n1,695,28.3,51.9,ok
2026-08-21 15:47:30,set,n2,695,25.4,57.3,ok
2026-08-21 15:47:30,set,n3,695,26.8,54.0,ok
2026-08-21 15:47:30,set,n4,695,27.5,52.6,ok
2026-08-21 15:48:00,set,n1,696,28.3,51.9,ok
2026-08-21 15:48:00,set,n2,696,25.4,57.2,ok
2026-08-21 15:48:00,set,n3,696,26.8,54.0,ok
2026-08-21 15:48:00,set,n4,696,27.4,52.6,ok
2026-08-21 15:48:30,set,n1,697,28.3,51.8,ok
2026-08-21 15:48:30,set,n2,697,25.5,57.1,ok
2026-08-21 15:48:30,set,n3,697,26.8,53.9,ok
2026-08-21 15:48:30,set,n4,697,27.4,52.7,ok
2026-08-21 15:49:00,set,n1,698,28.3,51.8,ok
2026-08-21 15:49:00,set,n2,698,25.5,57.0,ok
2026-08-21 15:49:00,set,n3,698,26.8,53.9,ok
2026-08-21 15:49:00,set,n4,698,27.4,52.7,ok
2026-08-21 15:49:30,set,n1,699,28.3,51.7,ok
2026-08-21 15:49:30,set,n2,699,25.5,56.9,ok
2026-08-21 15:49:30,set,n3,699,26.8,53.9,ok
2026-08-21 15:49:30,set,n4,699,27.4,52.8,ok
2026-08-21 15:50:00,set,n1,700,28.3,51.7,ok
2026-08-21 15:50:00,set,n2,700,25.5,56.8,ok
2026-08-21 15:50:00,set,n3,700,26.8,53.9,ok
2026-08-21 15:50:00,set,n4,700,27.4,52.9,ok
2026-08-21 15:50:30,set,n1,701,28.4,51.6,ok
2026-08-21 15:50:30,set,n2,701,25.5,56.7,ok
2026-08-21 15:50:30,set,n3,701,26.8,53.9,ok
2026-08-21 15:50:30,set,n4,701,27.3,53.0,ok
2026-08-21 15:51:00,set,n1,702,28.4,51.5,ok
2026-08-21 15:51:00,set,n2,702,25.6,56.7,ok
2026-08-21 15:51:00,set,n3,702,26.8,53.9,ok
2026-08-21 15:51:00,set,n4,702,27.3,53.1,ok
2026-08-21 15:51:30,set,n1,703,28.4,51.4,ok
2026-08-21 15:51:30,set,n2,703,25.6,56.6,ok
2026-08-21 15:51:30,set,n3,703,26.8,53.9,ok
2026-08-21 15:51:30,set,n4,703,27.3,53.2,ok
2026-08-21 15:52:00,set,n1,704,28.4,51.4,ok
2026-08-21 15:52:00,set,n2,704,25.6,56.6,ok
2026-08-21 15:52:00,set,n3,704,26.8,53.9,ok
2026-08-21 15:52:00,set,n4,704,27.2,53.3,ok
2026-08-21 15:52:30,set,n1,705,28.4,51.3,ok
2026-08-21 15:52:30,set,n2,705,25.6,56.5,ok
2026-08-21 15:52:30,set,n3,705,26.8,54.0,ok
2026-08-21 15:52:30,set,n4,705,27.2,53.4,ok
2026-08-21 15:53:00,set,n1,706,28.5,51.2,ok
2026-08-21 15:53:00,set,n2,706,25.6,56.5,ok
2026-08-21 15:53:00,set,n3,706,26.7,54.0,ok
2026-08-21 15:53:00,set,n4,706,27.2,53.5,ok
2026-08-21 15:53:30,set,n1,707,28.5,51.1,ok
2026-08-21 15:53:30,set,n2,707,25.6,56.4,ok
2026-08-21 15:53:30,set,n3,707,26.7,54.1,ok
2026-08-21 15:53:30,set,n4,707,27.1,53.6,ok
2026-08-21 15:54:00,set,n1,708,28.5,51.0,ok
2026-08-21 15:54:00,set,n2,708,25.6,56.4,ok
2026-08-21 15:54:00,set,n3,708,26.7,54.2,ok
2026-08-21 15:54:00,set,n4,708,27.1,53.7,ok
2026-08-21 15:54:30,set,n1,709,28.5,50.9,ok
2026-08-21 15:54:30,set,n2,709,25.6,56.4,ok
2026-08-21 15:54:30,set,n3,709,26.7,54.2,ok
2026-08-21 15:54:30,set,n4,709,27.1,53.8,ok
2026-08-21 15:55:00,set,n1,710,28.5,50.9,ok
2026-08-21 15:55:00,set,n2,710,25.6,56.4,ok
2026-08-21 15:55:00,set,n3,710,26.6,54.4,ok
2026-08-21 15:55:00,set,n4,710,27.0,53.9,ok
2026-08-21 15:55:30,set,n1,711,28.5,50.8,ok
2026-08-21 15:55:30,set,n2,711,25.5,56.4,ok
2026-08-21 15:55:30,set,n3,711,26.6,54.4,ok
2026-08-21 15:55:30,set,n4,711,27.0,54.0,ok
2026-08-21 15:56:00,set,n1,712,28.5,50.8,ok
2026-08-21 15:56:00,set,n2,712,25.5,56.5,ok
2026-08-21 15:56:00,set,n3,712,26.5,54.5,ok
2026-08-21 15:56:00,set,n4,712,27.0,54.1,ok
2026-08-21 15:56:30,set,n1,713,28.5,50.7,ok
2026-08-21 15:56:30,set,n2,713,25.5,56.5,ok
2026-08-21 15:56:30,set,n3,713,26.5,54.6,ok
2026-08-21 15:56:30,set,n4,713,27.0,54.2,ok
2026-08-21 15:57:00,set,n1,714,28.5,50.7,ok
2026-08-21 15:57:00,set,n2,714,25.5,56.6,ok
2026-08-21 15:57:00,set,n3,714,26.5,54.8,ok
2026-08-21 15:57:00,set,n4,714,26.9,54.3,ok
2026-08-21 15:57:30,set,n1,715,28.5,50.6,ok
2026-08-21 15:57:30,set,n2,715,25.4,56.6,ok
2026-08-21 15:57:30,set,n3,715,26.4,54.8,ok
2026-08-21 15:57:30,set,n4,715,26.9,54.3,ok
2026-08-21 15:58:00,set,n1,716,28.5,50.6,ok
2026-08-21 15:58:00,set,n2,716,25.4,56.7,ok
2026-08-21 15:58:00,set,n3,716,26.4,55.0,ok
2026-08-21 15:58:00,set,n4,716,26.9,54.4,ok
2026-08-21 15:58:30,set,n1,717,28.5,50.6,ok
2026-08-21 15:58:30,set,n2,717,25.4,56.8,ok
2026-08-21 15:58:30,set,n3,717,26.4,55.0,ok
2026-08-21 15:58:30,set,n4,717,26.9,54.4,ok
2026-08-21 15:59:00,set,n1,718,28.5,50.6,ok
2026-08-21 15:59:00,set,n2,718,25.3,56.9,ok
2026-08-21 15:59:00,set,n3,718,26.4,55.2,ok
2026-08-21 15:59:00,set,n4,718,26.9,54.5,ok
2026-08-21 15:59:30,set,n1,719,28.5,50.6,ok
2026-08-21 15:59:30,set,n2,719,25.3,56.9,ok
2026-08-21 15:59:30,set,n3,719,26.3,55.2,ok
2026-08-21 15:59:30,set,n4,719,26.9,54.5,ok
